id_leggo,id_camara,id_senado,id_autor_parlametria,id_autor
1,2231327,138555,25527,5527
1,2231327,138555,39,9
1,2231327,138555,23396,3396
1,2231327,138555,24994,4994
1,2231327,138555,26027,6027
1,2231327,138555,23361,3361
1,2231327,138555,2739,739
1,2231327,138555,222,22
1,2231327,138555,270,70
1,2231327,138555,25540,5540
1,2231327,138555,2742,742
1,2231327,138555,25537,5537
1,2231327,138555,21186,1186
1,2231327,138555,25529,5529
1,2231327,138555,25942,5942
1,2231327,138555,25924,5924
1,2231327,138555,22331,2331
1,2231327,138555,25929,5929
1,2231327,138555,2677,677
1,2231327,138555,290,90
1,2231327,138555,25905,5905
1,2231327,138555,25533,5533
1,2231327,138555,25666,5666
1,2231327,138555,25748,5748
1,2231327,138555,25953,5953
1,2231327,138555,25982,5982
1,2231327,138555,25411,5411
1,2231327,138555,25895,5895
1,2231327,138555,25718,5718
1,2231327,138555,24981,4981
1,2231327,138555,25979,5979
1,2231327,138555,25008,5008
1,2231327,138555,2825,825
1,2231327,138555,25352,5352
1,2231327,138555,25535,5535
1,2231327,138555,2581,581
1,2231327,138555,2374,374
1,2231327,138555,25523,5523
1,2231327,138555,25967,5967
1,2231327,138555,2751,751
1,2231327,138555,25990,5990
1,2231327,138555,25732,5732
1,2231327,138555,25422,5422
1,2231327,138555,25350,5350
1,2231327,138555,23806,3806
1,2231327,138555,25783,5783
1,2231327,138555,24770,4770
1,2231327,138555,24531,4531
1,2231327,138555,23777,3777
1,2231327,138555,2470,470
1,2231327,138555,2345,345
2,1198512,None,1178998,178998
3,2230007,None,1160527,160527
3,2230007,None,174471,74471
3,2230007,None,1204423,204423
3,2230007,None,1133439,133439
3,2230007,None,1160541,160541
3,2230007,None,1160665,160665
3,2230007,None,1178975,178975
3,2230007,None,1204358,204358
3,2230007,None,174262,74262
3,2230007,None,174060,74060
3,2230007,None,1178916,178916
3,2230007,None,1204552,204552
3,2230007,None,1178977,178977
3,2230007,None,1178854,178854
3,2230007,None,1204371,204371
3,2230007,None,1204494,204494
3,2230007,None,1160531,160531
3,2230007,None,1204429,204429
3,2230007,None,1204468,204468
3,2230007,None,1204391,204391
3,2230007,None,1178832,178832
3,2230007,None,1160510,160510
3,2230007,None,1204410,204410
3,2230007,None,1204556,204556
3,2230007,None,1204522,204522
3,2230007,None,1178956,178956
3,2230007,None,1178987,178987
3,2230007,None,174400,74400
3,2230007,None,1178912,178912
3,2230007,None,1122974,122974
3,2230007,None,1122158,122158
3,2230007,None,1178951,178951
3,2230007,None,1141523,141523
3,2230007,None,1178990,178990
3,2230007,None,1204534,204534
3,2230007,None,1178922,178922
3,2230007,None,1178934,178934
3,2230007,None,174043,74043
4,2195689,None,1204540,204540
5,2174306,None,1129618,129618
6,501465,None,1160639,160639
7,2193777,None,1178931,178931
8,2193966,None,1178993,178993
9,2193987,None,1204533,204533
10,1278924,None,1178993,178993
11,2194882,None,1143632,143632
12,2195105,None,1204472,204472
13,2197797,None,1204351,204351
14,2198845,None,378,78
15,1672689,None,1178929,178929
16,2203660,None,1204565,204565
17,153627,None,174571,74571
18,533790,None,1160599,160599
19,534328,None,174585,74585
20,2190895,None,1164360,164360
21,946629,None,1141430,141430
22,2208697,None,378,78
23,2210200,None,1204455,204455
24,2210372,None,174057,74057
25,408349,None,378,78
26,2075025,None,1178932,178932
27,20703,None,173453,73453
28,2191094,None,173466,73466
29,2213791,None,1164359,164359
30,2191163,None,1204450,204450
31,560047,101713,25008,5008
32,949156,None,1178970,178970
33,2220934,None,1204377,204377
34,2088318,None,1160575,160575
35,578426,None,1160614,160614
36,2230008,None,1204528,204528
36,2230008,None,1160527,160527
36,2230008,None,174471,74471
36,2230008,None,1204423,204423
36,2230008,None,1133439,133439
36,2230008,None,1141391,141391
36,2230008,None,1160541,160541
36,2230008,None,1160665,160665
36,2230008,None,1178975,178975
36,2230008,None,1204358,204358
36,2230008,None,174262,74262
36,2230008,None,1204488,204488
36,2230008,None,1204496,204496
36,2230008,None,174060,74060
36,2230008,None,1178916,178916
36,2230008,None,1204552,204552
36,2230008,None,1178977,178977
36,2230008,None,1178854,178854
36,2230008,None,1204537,204537
36,2230008,None,1178871,178871
36,2230008,None,1204371,204371
36,2230008,None,1204407,204407
36,2230008,None,1204510,204510
36,2230008,None,1204494,204494
36,2230008,None,1204527,204527
36,2230008,None,1160531,160531
36,2230008,None,1204429,204429
36,2230008,None,1204468,204468
36,2230008,None,1204391,204391
36,2230008,None,1178832,178832
36,2230008,None,1160510,160510
36,2230008,None,1204410,204410
36,2230008,None,1204556,204556
36,2230008,None,1204522,204522
36,2230008,None,1178956,178956
36,2230008,None,1178987,178987
36,2230008,None,1204377,204377
36,2230008,None,1204461,204461
36,2230008,None,174400,74400
36,2230008,None,1178912,178912
36,2230008,None,1122974,122974
36,2230008,None,1122158,122158
36,2230008,None,173943,73943
36,2230008,None,1204383,204383
36,2230008,None,1178951,178951
36,2230008,None,1141523,141523
36,2230008,None,1204530,204530
36,2230008,None,1204357,204357
36,2230008,None,173466,73466
36,2230008,None,1160635,160635
36,2230008,None,1178990,178990
36,2230008,None,1204425,204425
36,2230008,None,1204534,204534
36,2230008,None,1178922,178922
36,2230008,None,1204519,204519
36,2230008,None,1178934,178934
36,2230008,None,1204532,204532
36,2230008,None,174043,74043
37,2231036,None,1204377,204377
38,2234655,None,1204353,204353
38,2234655,None,1164360,164360
38,2234655,None,1204459,204459
38,2234655,None,1178832,178832
39,595991,None,174399,74399
40,465835,None,378,78
41,467520,None,378,78
42,606722,None,199654,99654
43,332457,None,174370,74370
44,615717,None,194931,94931
45,2137635,None,1178916,178916
45,2137635,None,1178912,178912
45,2137635,None,1178844,178844
46,2192230,None,1160758,160758
47,2155290,None,378,78
48,2163452,None,1178951,178951
49,None,139063,25982,5982
49,None,139063,2945,945
49,None,139063,2751,751
49,None,139063,25998,5998
49,None,139063,25976,5976
49,None,139063,222,22
49,None,139063,25953,5953
49,None,139063,25540,5540
49,None,139063,25385,5385
49,None,139063,24531,4531
49,None,139063,25627,5627
49,None,139063,25895,5895
49,None,139063,25929,5929
49,None,139063,25533,5533
49,None,139063,25979,5979
49,None,139063,25666,5666
49,None,139063,26027,6027
49,None,139063,25985,5985
49,None,139063,2825,825
49,None,139063,25502,5502
49,None,139063,25012,5012
49,None,139063,25905,5905
49,None,139063,25732,5732
49,None,139063,25988,5988
49,None,139063,25959,5959
49,None,139063,23396,3396
49,None,139063,25411,5411
49,None,139063,25783,5783
50,None,140271,25718,5718
50,None,140271,25982,5982
50,None,140271,2945,945
50,None,140271,25529,5529
50,None,140271,25998,5998
50,None,140271,25976,5976
50,None,140271,222,22
50,None,140271,25540,5540
50,None,140271,25008,5008
50,None,140271,2581,581
50,None,140271,24531,4531
50,None,140271,25895,5895
50,None,140271,25533,5533
50,None,140271,25979,5979
50,None,140271,25557,5557
50,None,140271,25666,5666
50,None,140271,2285,285
50,None,140271,21023,1023
50,None,140271,25924,5924
50,None,140271,25523,5523
50,None,140271,2825,825
50,None,140271,2374,374
50,None,140271,25012,5012
50,None,140271,25236,5236
50,None,140271,25732,5732
50,None,140271,25322,5322
50,None,140271,25527,5527
50,None,140271,25959,5959
50,None,140271,25748,5748
50,None,140271,25411,5411
51,None,135492,25376,5376
52,None,135934,25926,5926
53,None,137302,316,16
54,None,138198,22331,2331
55,944309,138831,1178874,178874
56,None,138951,25959,5959
57,None,139412,21173,1173
58,534072,139560,1160518,160518
59,None,135328,25942,5942
60,1302254,127140,174752,74752
61,None,132687,22331,2331
62,None,133039,25070,5070
63,None,131275,25012,5012
64,None,134819,36,6
65,None,134852,36,6
66,None,134834,36,6
67,621792,122309,1141463,141463
67,621792,122309,1160543,160543
67,621792,122309,1160530,160530
67,621792,122309,173478,73478
67,621792,122309,174173,74173
67,621792,122309,1160666,160666
67,621792,122309,1141467,141467
67,621792,122309,174383,74383
67,621792,122309,174558,74558
67,621792,122309,173531,73531
67,621792,122309,174848,74848
67,621792,122309,174428,74428
67,621792,122309,1141537,141537
67,621792,122309,173466,73466
67,621792,122309,3277,277
67,621792,122309,1141870,141870
68,1999535,None,378,78
69,2166851,None,1178956,178956
70,2082295,None,378,78
71,285505,None,31,1
72,2170969,None,378,78
73,105011,None,174161,74161
74,996835,None,1178836,178836
75,577133,None,1160673,160673
76,2229712,None,378,78
77,2233358,None,167138,67138
78,605512,None,1160558,160558
79,403320,None,37,7
80,2079600,None,1178945,178945
81,644045,None,1160601,160601
82,2024195,None,1178987,178987
83,526021,None,1160604,160604
84,2003335,None,1160536,160536
85,2082230,None,173655,73655
86,623799,None,38,8
87,2153095,136016,1178989,178989
88,976389,133188,1178869,178869
89,None,127082,2391,391
90,None,134618,25000,5000
91,None,136476,25905,5905
92,None,134835,36,6
93,None,135450,25533,5533
94,None,137953,25895,5895
95,None,139854,25748,5748
96,None,120768,23372,3372
97,None,131857,25540,5540
98,None,133129,287,87
99,None,128186,22331,2331
100,437196,None,1141440,141440
101,500633,None,1141403,141403
102,2173210,None,378,78
103,360369,None,1141401,141401
104,2213555,None,1204494,204494
105,342729,None,378,78
106,20289,None,173433,73433
107,115425,None,174398,74398
108,2137685,None,32,2
109,2139909,None,1178842,178842
109,2139909,None,1178956,178956
109,2139909,None,1178912,178912
110,2139910,None,1141430,141430
110,2139910,None,1178842,178842
110,2139910,None,1178956,178956
110,2139910,None,1178912,178912
111,2223715,None,1178939,178939
112,2075449,None,378,78
113,312134,None,378,78
114,2190661,None,1204391,204391
115,2184218,None,1160632,160632
116,2236366,None,1204542,204542
117,2190698,None,1160653,160653
118,1724515,None,1141536,141536
119,534245,None,1160588,160588
120,1594908,88862,313,13
121,1197728,None,1160575,160575
122,2211367,None,181297,81297
123,2223608,None,1204535,204535
124,2175563,None,173579,73579
124,2175563,None,174212,74212
124,2175563,None,1160600,160600
124,2175563,None,1141513,141513
124,2175563,None,174650,74650
124,2175563,None,1178993,178993
124,2175563,None,174651,74651
124,2175563,None,1141422,141422
124,2175563,None,1160532,160532
124,2175563,None,1178854,178854
124,2175563,None,1178905,178905
124,2175563,None,1141431,141431
124,2175563,None,1178909,178909
124,2175563,None,197707,97707
124,2175563,None,1178967,178967
124,2175563,None,173535,73535
124,2175563,None,174553,74553
124,2175563,None,1178886,178886
124,2175563,None,1167722,167722
124,2175563,None,1178943,178943
124,2175563,None,174428,74428
124,2175563,None,1160561,160561
124,2175563,None,166179,66179
124,2175563,None,174399,74399
124,2175563,None,1180545,180545
124,2175563,None,174095,74095
124,2175563,None,1178860,178860
124,2175563,None,1122158,122158
124,2175563,None,1160639,160639
124,2175563,None,188950,88950
124,2175563,None,1178897,178897
124,2175563,None,1178947,178947
124,2175563,None,1178901,178901
124,2175563,None,1191945,191945
125,499594,None,174585,74585
126,1570646,None,1160655,160655
127,380828,None,1141385,141385
128,20956,1640,27,7
129,426002,None,1141540,141540
130,465826,76986,2825,825
131,2224630,None,1160635,160635
132,2220931,None,1204377,204377
133,2220932,None,1204377,204377
134,2077748,136195,174856,74856
134,2077748,136195,174398,74398
135,None,138835,25322,5322
136,None,139053,2345,345
137,None,133765,25000,5000
138,None,134854,36,6
139,None,134829,36,6
140,None,137671,24531,4531
141,None,125329,25535,5535
142,None,129217,22331,2331
143,None,131646,2825,825
144,None,132207,22331,2331
144,None,132207,25140,5140
144,None,132207,2945,945
144,None,132207,23398,3398
144,None,132207,25132,5132
144,None,132207,25537,5537
144,None,132207,23830,3830
144,None,132207,24721,4721
144,None,132207,24767,4767
144,None,132207,25531,5531
144,None,132207,23713,3713
144,None,132207,23634,3634
144,None,132207,287,87
144,None,132207,25008,5008
144,None,132207,24990,4990
144,None,132207,23361,3361
144,None,132207,2615,615
144,None,132207,25533,5533
144,None,132207,2631,631
144,None,132207,2825,825
144,None,132207,25116,5116
144,None,132207,25182,5182
144,None,132207,273,73
144,None,132207,24560,4560
144,None,132207,25106,5106
144,None,132207,25535,5535
144,None,132207,23372,3372
144,None,132207,2558,558
144,None,132207,21176,1176
144,None,132207,21173,1173
145,1266562,120501,2945,945
145,1266562,120501,2391,391
145,1266562,120501,2846,846
145,1266562,120501,25529,5529
145,1266562,120501,25164,5164
145,1266562,120501,25197,5197
145,1266562,120501,23830,3830
145,1266562,120501,23360,3360
145,1266562,120501,216,16
145,1266562,120501,25540,5540
145,1266562,120501,23634,3634
145,1266562,120501,25100,5100
145,1266562,120501,25004,5004
145,1266562,120501,23394,3394
145,1266562,120501,240,40
145,1266562,120501,25112,5112
145,1266562,120501,24575,4575
145,1266562,120501,2631,631
145,1266562,120501,25000,5000
145,1266562,120501,2825,825
145,1266562,120501,25012,5012
145,1266562,120501,25236,5236
145,1266562,120501,2677,677
145,1266562,120501,25322,5322
145,1266562,120501,2456,456
145,1266562,120501,25527,5527
145,1266562,120501,23372,3372
145,1266562,120501,21176,1176
146,None,127101,25535,5535
146,None,127101,2945,945
146,None,127101,24988,4988
146,None,127101,24697,4697
146,None,127101,23823,3823
146,None,127101,25108,5108
146,None,127101,23398,3398
146,None,127101,216,16
146,None,127101,25531,5531
146,None,127101,23713,3713
146,None,127101,287,87
146,None,127101,25006,5006
146,None,127101,25100,5100
146,None,127101,25008,5008
146,None,127101,23394,3394
146,None,127101,24990,4990
146,None,127101,25112,5112
146,None,127101,2615,615
146,None,127101,25533,5533
146,None,127101,25000,5000
146,None,127101,2825,825
146,None,127101,2374,374
146,None,127101,22207,2207
146,None,127101,25182,5182
146,None,127101,25322,5322
146,None,127101,2456,456
146,None,127101,25527,5527
146,None,127101,2558,558
148,None,135583,25979,5979
149,602729,134086,1160639,160639
150,None,138830,25322,5322
151,2253934,None,1133439,133439
151,2253934,None,1141411,141411
151,2253934,None,1160528,160528
151,2253934,None,1204541,204541
151,2253934,None,168720,68720
151,2253934,None,1160598,160598
151,2253934,None,173460,73460
151,2253934,None,1204533,204533
151,2253934,None,1204429,204429
151,2253934,None,174299,74299
151,2253934,None,174158,74158
151,2253934,None,1204486,204486
151,2253934,None,1204377,204377
151,2253934,None,1204467,204467
151,2253934,None,1204489,204489
151,2253934,None,1177282,177282
151,2253934,None,1204534,204534
151,2253934,None,1157130,157130
151,2253934,None,174439,74439
152,2250723,None,1178912,178912
153,2080604,128634,34,4
154,257161,None,174780,74780
154,257161,None,174162,74162
154,257161,None,173531,73531
154,257161,None,174153,74153
154,257161,None,174031,74031
154,257161,None,173454,73454
154,257161,None,173474,73474
154,257161,None,173545,73545
154,257161,None,174133,74133
154,257161,None,174137,74137
154,257161,None,174389,74389
154,257161,None,174491,74491
154,257161,None,174391,74391
154,257161,None,174218,74218
154,257161,None,174145,74145
155,None,132865,24981,4981
156,2088990,91341,23396,3396
157,46249,41703,2111,111
158,2121442,127753,312,12
159,345311,None,1141448,141448
160,2085536,None,1160611,160611
161,2120775,None,37,7
162,2122766,115926,314,14
163,None,126364,25533,5533
164,541857,None,1160651,160651
165,2119881,None,31,1
166,2158425,133943,174553,74553
167,2056568,None,1160611,160611
168,1738598,None,173808,73808
169,14562,None,174341,74341
170,2170839,None,1160511,160511
171,944279,None,174210,74210
172,None,102721,23634,3634
173,None,103831,2111,111
174,2120019,111048,2612,612
175,51066,None,174688,74688
176,518221,None,1160543,160543
177,532814,None,1160567,160567
178,None,120143,24721,4721
178,None,120143,2846,846
178,None,120143,25529,5529
178,None,120143,23823,3823
178,None,120143,2111,111
178,None,120143,23398,3398
178,None,120143,23360,3360
178,None,120143,25531,5531
178,None,120143,23713,3713
178,None,120143,25540,5540
178,None,120143,22632,2632
178,None,120143,23634,3634
178,None,120143,287,87
178,None,120143,25008,5008
178,None,120143,2950,950
178,None,120143,2615,615
178,None,120143,2643,643
178,None,120143,2631,631
178,None,120143,23366,3366
178,None,120143,21023,1023
178,None,120143,25525,5525
178,None,120143,25523,5523
178,None,120143,2825,825
178,None,120143,22207,2207
178,None,120143,25182,5182
178,None,120143,25322,5322
178,None,120143,24560,4560
178,None,120143,23396,3396
178,None,120143,25535,5535
178,None,120143,21176,1176
178,None,120143,2604,604
179,500183,None,173768,73768
180,None,106330,2846,846
180,None,106330,2391,391
180,None,106330,2945,945
180,None,106330,24988,4988
180,None,106330,24837,4837
180,None,106330,23,3
180,None,106330,2715,715
180,None,106330,2111,111
180,None,106330,213,13
180,None,106330,24529,4529
180,None,106330,24877,4877
180,None,106330,24994,4994
180,None,106330,2612,612
180,None,106330,23634,3634
180,None,106330,2765,765
180,None,106330,25004,5004
180,None,106330,24531,4531
180,None,106330,23394,3394
180,None,106330,24776,4776
180,None,106330,240,40
180,None,106330,2615,615
180,None,106330,2952,952
180,None,106330,25010,5010
180,None,106330,25012,5012
180,None,106330,273,73
180,None,106330,24763,4763
180,None,106330,21176,1176
180,None,106330,25144,5144
181,546383,None,1141490,141490
182,1594911,121572,290,90
183,604888,96813,23362,3362
184,2192459,137999,31,1
185,2190288,135064,31,1
186,2192352,None,31,1
187,2192353,None,31,1
188,2192354,None,31,1
189,None,131906,23396,3396
190,None,120152,2631,631
190,None,120152,24981,4981
190,None,120152,2391,391
190,None,120152,2846,846
190,None,120152,2945,945
190,None,120152,25529,5529
190,None,120152,23,3
190,None,120152,25164,5164
190,None,120152,2111,111
190,None,120152,25197,5197
190,None,120152,23360,3360
190,None,120152,25531,5531
190,None,120152,2612,612
190,None,120152,22632,2632
190,None,120152,23634,3634
190,None,120152,287,87
190,None,120152,24558,4558
190,None,120152,240,40
190,None,120152,25533,5533
190,None,120152,25002,5002
190,None,120152,2825,825
190,None,120152,2374,374
190,None,120152,22207,2207
190,None,120152,25236,5236
190,None,120152,2635,635
190,None,120152,272,72
190,None,120152,25322,5322
190,None,120152,22331,2331
190,None,120152,2604,604
191,2190282,135061,31,1
192,353631,None,1141398,141398
193,2178170,None,1160512,160512
193,2178170,None,1178975,178975
193,2178170,None,173441,73441
193,2178170,None,1143632,143632
193,2178170,None,174554,74554
193,2178170,None,1160510,160510
193,2178170,None,1146788,146788
193,2178170,None,1166401,166401
193,2178170,None,1178920,178920
193,2178170,None,188950,88950
193,2178170,None,173930,73930
194,2190237,135060,31,1
195,604557,None,1160511,160511
195,604557,None,174210,74210
196,None,136033,25718,5718
196,None,136033,25905,5905
196,None,136033,2945,945
196,None,136033,25666,5666
196,None,136033,25976,5976
196,None,136033,25531,5531
196,None,136033,25982,5982
196,None,136033,25988,5988
196,None,136033,25959,5959
196,None,136033,25895,5895
196,None,136033,25012,5012
196,None,136033,25953,5953
196,None,136033,25533,5533
197,2193540,136173,1178854,178854
198,None,135799,2285,285
199,None,135505,25967,5967
200,None,135062,31,1
201,None,131429,25529,5529
202,522447,None,1160653,160653
203,None,129778,24575,4575
203,None,129778,24981,4981
203,None,129778,2945,945
203,None,129778,23,3
203,None,129778,25164,5164
203,None,129778,23823,3823
203,None,129778,23398,3398
203,None,129778,25531,5531
203,None,129778,287,87
203,None,129778,23394,3394
203,None,129778,24990,4990
203,None,129778,23361,3361
203,None,129778,2615,615
203,None,129778,25533,5533
203,None,129778,23695,3695
203,None,129778,2643,643
203,None,129778,21023,1023
203,None,129778,23741,3741
203,None,129778,2825,825
203,None,129778,2374,374
203,None,129778,25012,5012
203,None,129778,25182,5182
203,None,129778,25052,5052
203,None,129778,272,72
203,None,129778,25322,5322
203,None,129778,25535,5535
203,None,129778,24763,4763
204,16526,1489,252,52
205,2199763,136531,31,1
206,None,126049,25197,5197
207,1307190,None,173584,73584
207,1307190,None,173655,73655
207,1307190,None,1118594,118594
207,1307190,None,1178868,178868
207,1307190,None,1178844,178844
207,1307190,None,1141531,141531
208,2081681,None,1177282,177282
209,2196833,None,1178975,178975
210,2187087,138726,1160541,160541
210,2187087,138726,1178975,178975
210,2187087,138726,1143632,143632
210,2187087,138726,1178879,178879
211,2208200,137319,31,1
212,2218881,None,1204544,204544
212,2218881,None,174459,74459
212,2218881,None,1204376,204376
212,2218881,None,1178916,178916
212,2218881,None,1204541,204541
212,2218881,None,1161550,161550
212,2218881,None,172442,72442
212,2218881,None,1204371,204371
212,2218881,None,1191923,191923
212,2218881,None,174200,74200
212,2218881,None,1204575,204575
212,2218881,None,174273,74273
212,2218881,None,1204435,204435
212,2218881,None,1204405,204405
212,2218881,None,1204410,204410
212,2218881,None,1204543,204543
212,2218881,None,1204433,204433
212,2218881,None,1204403,204403
212,2218881,None,1204377,204377
212,2218881,None,1178912,178912
212,2218881,None,1204383,204383
212,2218881,None,1204530,204530
212,2218881,None,1204366,204366
212,2218881,None,1204525,204525
212,2218881,None,1204534,204534
212,2218881,None,1206231,206231
213,None,138551,25982,5982
214,2209381,140042,31,1
215,None,139988,25012,5012
216,None,135216,25411,5411
217,2207613,137118,23396,3396
218,1996620,None,1178963,178963
219,2206203,None,31,1
220,2182703,None,1178862,178862
221,623800,None,38,8
222,2123638,126104,2374,374
223,2155637,130711,25000,5000
224,473484,None,174399,74399
225,808928,None,1160651,160651
226,1195577,None,1160651,160651
227,2113552,None,174010,74010
228,2192672,None,1160545,160545
229,556267,None,1160606,160606
229,556267,None,1160587,160587
229,556267,None,174862,74862
229,556267,None,1141488,141488
230,2242583,141443,1133439,133439
230,2242583,141443,174262,74262
230,2242583,141443,1141422,141422
230,2242583,141443,1204537,204537
230,2242583,141443,1204468,204468
230,2242583,141443,1160510,160510
230,2242583,141443,1178925,178925
230,2242583,141443,174693,74693
230,2242583,141443,174043,74043
230,2242583,141443,1160632,160632
231,2183034,None,1160604,160604
232,None,136115,2742,742
232,None,136115,25982,5982
232,None,136115,2945,945
232,None,136115,25529,5529
232,None,136115,25973,5973
232,None,136115,25537,5537
232,None,136115,24994,4994
232,None,136115,25718,5718
232,None,136115,222,22
232,None,136115,2345,345
232,None,136115,25385,5385
232,None,136115,24770,4770
232,None,136115,24531,4531
232,None,136115,25627,5627
232,None,136115,25350,5350
232,None,136115,25929,5929
232,None,136115,25533,5533
232,None,136115,25979,5979
232,None,136115,21186,1186
232,None,136115,25422,5422
232,None,136115,25525,5525
232,None,136115,25924,5924
232,None,136115,25523,5523
232,None,136115,2825,825
232,None,136115,2374,374
232,None,136115,25236,5236
232,None,136115,25352,5352
232,None,136115,24560,4560
232,None,136115,25959,5959
232,None,136115,25899,5899
232,None,136115,25411,5411
232,None,136115,25783,5783
232,None,136115,23806,3806
233,None,136309,310,10
234,None,140340,24981,4981
234,None,140340,311,11
234,None,140340,25982,5982
234,None,140340,2945,945
234,None,140340,2475,475
234,None,140340,25718,5718
234,None,140340,25531,5531
234,None,140340,25953,5953
234,None,140340,2345,345
234,None,140340,25008,5008
234,None,140340,2581,581
234,None,140340,24531,4531
234,None,140340,25627,5627
234,None,140340,25533,5533
234,None,140340,25979,5979
234,None,140340,2151,151
234,None,140340,25666,5666
234,None,140340,2285,285
234,None,140340,25942,5942
234,None,140340,25985,5985
234,None,140340,25523,5523
234,None,140340,2825,825
234,None,140340,2374,374
234,None,140340,25502,5502
234,None,140340,25236,5236
234,None,140340,25988,5988
234,None,140340,25959,5959
234,None,140340,25535,5535
234,None,140340,21173,1173
234,None,140340,25411,5411
234,None,140340,25783,5783
235,None,140343,311,11
236,2254043,None,174371,74371
237,None,141716,25982,5982
238,2254941,None,1204561,204561
238,2254941,None,1204542,204542
238,2254941,None,1178931,178931
238,2254941,None,1141508,141508
238,2254941,None,1204525,204525
238,2254941,None,1206231,206231
239,2254843,None,1198783,198783
240,2213200,140534,31,1
241,2255191,None,1179587,179587
242,2254585,None,1204546,204546
243,2254751,None,173531,73531
244,None,142387,25905,5905
245,2241789,141147,31,1
246,2242618,141375,31,1
247,2242887,141415,31,1
248,2244243,141475,31,1
249,2244218,None,1205548,205548
249,2244218,None,1204407,204407
249,2244218,None,173531,73531
249,2244218,None,174784,74784
249,2244218,None,176874,76874
249,2244218,None,1204535,204535
250,2251185,None,1204561,204561
250,2251185,None,1204352,204352
250,2251185,None,1204542,204542
250,2251185,None,1204389,204389
250,2251185,None,1204394,204394
250,2251185,None,1139285,139285
250,2251185,None,1141508,141508
250,2251185,None,1206231,206231
251,2251473,None,1204542,204542
251,2251473,None,1141508,141508
252,2244224,None,172442,72442
253,2251970,None,1204509,204509
253,2251970,None,1205548,205548
253,2251970,None,1134812,134812
253,2251970,None,1204407,204407
253,2251970,None,1152605,152605
253,2251970,None,173531,73531
253,2251970,None,174784,74784
253,2251970,None,176874,76874
253,2251970,None,1204535,204535
253,2251970,None,1204464,204464
254,None,141891,25535,5535
255,2254032,None,1160511,160511
256,2254060,None,1204544,204544
257,2254457,None,1204521,204521
258,2254942,None,1204451,204451
259,2255134,None,1204570,204570
260,2255427,None,1160511,160511
260,2255427,None,1178927,178927
260,2255427,None,1204561,204561
260,2255427,None,1160528,160528
260,2255427,None,1204394,204394
260,2255427,None,1178931,178931
260,2255427,None,1141508,141508
260,2255427,None,1178951,178951
260,2255427,None,1204483,204483
261,2239388,None,1204460,204460
262,2239406,None,1204542,204542
262,2239406,None,1204483,204483
263,2239384,None,1204450,204450
264,2239385,None,1164360,164360
264,2239385,None,1204450,204450
264,2239385,None,1204366,204366
265,2239474,None,1204503,204503
265,2239474,None,1164360,164360
265,2239474,None,1204450,204450
265,2239474,None,1204412,204412
265,2239474,None,1178959,178959
265,2239474,None,1178857,178857
265,2239474,None,1178956,178956
266,2239462,None,1204528,204528
266,2239462,None,1204503,204503
266,2239462,None,1164360,164360
266,2239462,None,1204511,204511
266,2239462,None,1178929,178929
266,2239462,None,1204412,204412
266,2239462,None,181297,81297
266,2239462,None,1178871,178871
266,2239462,None,1178873,178873
266,2239462,None,1178959,178959
266,2239462,None,1178857,178857
266,2239462,None,1178956,178956
266,2239462,None,1205535,205535
266,2239462,None,1160601,160601
266,2239462,None,1204530,204530
266,2239462,None,1204532,204532
267,2239092,None,181297,81297
268,2239381,None,32,2
269,2242136,None,1204495,204495
269,2242136,None,1204544,204544
269,2242136,None,1204503,204503
269,2242136,None,173701,73701
269,2242136,None,1204426,204426
269,2242136,None,1141439,141439
269,2242136,None,1205548,205548
269,2242136,None,1134812,134812
269,2242136,None,1160575,160575
269,2242136,None,1204407,204407
269,2242136,None,1107283,107283
269,2242136,None,1204468,204468
269,2242136,None,1139285,139285
269,2242136,None,174784,74784
269,2242136,None,176874,76874
269,2242136,None,1171619,171619
269,2242136,None,174398,74398
269,2242136,None,1204428,204428
269,2242136,None,1204453,204453
269,2242136,None,1141488,141488
269,2242136,None,1204467,204467
269,2242136,None,1204535,204535
269,2242136,None,1204464,204464
269,2242136,None,1157130,157130
270,2242140,None,1204542,204542
271,2242150,None,1160511,160511
271,2242150,None,1133439,133439
271,2242150,None,1204407,204407
271,2242150,None,1141470,141470
271,2242150,None,173943,73943
271,2242150,None,1204467,204467
271,2242150,None,1160569,160569
272,2242000,None,1178909,178909
273,2241779,None,1204528,204528
273,2241779,None,1204503,204503
273,2241779,None,1178833,178833
273,2241779,None,1164360,164360
273,2241779,None,1204518,204518
273,2241779,None,1204450,204450
273,2241779,None,1204412,204412
273,2241779,None,181297,81297
273,2241779,None,1204484,204484
273,2241779,None,1178857,178857
273,2241779,None,1204433,204433
273,2241779,None,1178956,178956
273,2241779,None,174158,74158
273,2241779,None,1205535,205535
273,2241779,None,1204377,204377
273,2241779,None,1204366,204366
274,2242184,None,1205548,205548
274,2242184,None,1204407,204407
274,2242184,None,1204535,204535
275,2242162,None,1204505,204505
276,2242175,None,176874,76874
276,2242175,None,1157130,157130
277,2242146,None,1160511,160511
277,2242146,None,1204371,204371
277,2242146,None,1204354,204354
277,2242146,None,1204429,204429
277,2242146,None,1178956,178956
277,2242146,None,173588,73588
277,2242146,None,1178987,178987
277,2242146,None,1204383,204383
277,2242146,None,1204534,204534
277,2242146,None,1204466,204466
278,2241940,None,173943,73943
279,2242167,None,1204423,204423
280,2242149,None,1204546,204546
281,2241744,None,1204536,204536
282,2241627,None,1178884,178884
283,2241693,None,1204460,204460
283,2241693,None,1160639,160639
284,2242471,None,173701,73701
284,2242471,None,1178939,178939
284,2242471,None,181297,81297
284,2242471,None,1178994,178994
284,2242471,None,1160575,160575
284,2242471,None,1204407,204407
284,2242471,None,1204354,204354
284,2242471,None,1107283,107283
284,2242471,None,1204375,204375
284,2242471,None,1139285,139285
284,2242471,None,1204410,204410
284,2242471,None,174784,74784
284,2242471,None,1178866,178866
284,2242471,None,1204430,204430
284,2242471,None,1171619,171619
284,2242471,None,174398,74398
284,2242471,None,1178956,178956
284,2242471,None,1204428,204428
284,2242471,None,1204432,204432
284,2242471,None,1204453,204453
284,2242471,None,1205535,205535
284,2242471,None,1204377,204377
284,2242471,None,173943,73943
284,2242471,None,1160639,160639
284,2242471,None,1160641,160641
284,2242471,None,1204467,204467
284,2242471,None,1178925,178925
284,2242471,None,1204535,204535
284,2242471,None,1178946,178946
284,2242471,None,1204534,204534
284,2242471,None,1204464,204464
284,2242471,None,1204466,204466
285,2242361,None,1204353,204353
286,2242681,None,1204528,204528
286,2242681,None,1204503,204503
286,2242681,None,1204412,204412
286,2242681,None,181297,81297
286,2242681,None,1178857,178857
286,2242681,None,1178956,178956
287,2242664,None,1141450,141450
288,2242218,None,1160508,160508
288,2242218,None,1204503,204503
288,2242218,None,173701,73701
288,2242218,None,1204561,204561
288,2242218,None,1204352,204352
288,2242218,None,1204426,204426
288,2242218,None,1204370,204370
288,2242218,None,1134812,134812
288,2242218,None,1160575,160575
288,2242218,None,1204407,204407
288,2242218,None,174848,74848
288,2242218,None,1178970,178970
288,2242218,None,1178857,178857
288,2242218,None,1141470,141470
288,2242218,None,1204555,204555
288,2242218,None,174784,74784
288,2242218,None,176874,76874
288,2242218,None,1160535,160535
288,2242218,None,1160556,160556
288,2242218,None,174160,74160
288,2242218,None,1141488,141488
288,2242218,None,1160639,160639
288,2242218,None,1204467,204467
288,2242218,None,1178889,178889
289,2242481,None,1204495,204495
289,2242481,None,1204503,204503
289,2242481,None,1164360,164360
289,2242481,None,1134812,134812
289,2242481,None,1204407,204407
289,2242481,None,1204555,204555
289,2242481,None,1204453,204453
289,2242481,None,174160,74160
289,2242481,None,1204530,204530
289,2242481,None,1204534,204534
290,2242490,None,1204495,204495
290,2242490,None,1205548,205548
290,2242490,None,1134812,134812
290,2242490,None,173531,73531
290,2242490,None,1204555,204555
290,2242490,None,174784,74784
290,2242490,None,1160535,160535
290,2242490,None,1204453,204453
290,2242490,None,1204467,204467
290,2242490,None,1204530,204530
290,2242490,None,1204464,204464
290,2242490,None,1157130,157130
291,2242839,None,1160635,160635
292,2242777,None,1141391,141391
293,2242756,None,378,78
294,2242351,None,1178951,178951
295,2242488,None,1204353,204353
295,2242488,None,1178959,178959
295,2242488,None,1160531,160531
295,2242488,None,1204475,204475
295,2242488,None,1178961,178961
296,2242384,None,1160511,160511
296,2242384,None,1178939,178939
296,2242384,None,1178994,178994
296,2242384,None,1132504,132504
296,2242384,None,1204407,204407
296,2242384,None,174848,74848
296,2242384,None,1204468,204468
296,2242384,None,1141470,141470
296,2242384,None,174784,74784
296,2242384,None,174398,74398
296,2242384,None,1204377,204377
296,2242384,None,173943,73943
296,2242384,None,1160639,160639
296,2242384,None,1204535,204535
296,2242384,None,1204464,204464
296,2242384,None,174439,74439
297,2242819,None,1157130,157130
298,2242462,None,174160,74160
299,2242797,None,1143632,143632
300,2242785,None,1141411,141411
301,2242386,None,174848,74848
301,2242386,None,173943,73943
301,2242386,None,1160641,160641
302,2242378,None,173486,73486
303,2242201,None,1204433,204433
304,2242656,None,1204354,204354
305,2242826,None,1204380,204380
306,2242479,None,1108338,108338
307,2242269,None,1195866,195866
308,2242494,None,1204496,204496
309,2242237,None,1133439,133439
309,2242237,None,1160541,160541
309,2242237,None,174262,74262
309,2242237,None,1160588,160588
309,2242237,None,1141422,141422
309,2242237,None,1132504,132504
309,2242237,None,1204537,204537
309,2242237,None,1204494,204494
309,2242237,None,1204546,204546
309,2242237,None,1141470,141470
309,2242237,None,1204359,204359
309,2242237,None,1160510,160510
309,2242237,None,1122974,122974
309,2242237,None,173943,73943
310,2243963,None,378,78
311,2243084,None,1122974,122974
312,2242868,None,378,78
313,2247028,None,378,78
314,2243061,None,1204495,204495
314,2243061,None,1204503,204503
314,2243061,None,1204370,204370
314,2243061,None,1134812,134812
314,2243061,None,1160575,160575
314,2243061,None,1204393,204393
314,2243061,None,174848,74848
314,2243061,None,1204555,204555
314,2243061,None,1178866,178866
314,2243061,None,1171619,171619
314,2243061,None,1204428,204428
314,2243061,None,1178986,178986
314,2243061,None,174400,74400
314,2243061,None,1204467,204467
314,2243061,None,1178925,178925
314,2243061,None,174371,74371
314,2243061,None,1204464,204464
315,2247349,None,1204399,204399
316,2243060,None,1204458,204458
317,2243067,None,1204352,204352
317,2243067,None,1204542,204542
317,2243067,None,1204389,204389
317,2243067,None,1178842,178842
317,2243067,None,1178931,178931
317,2243067,None,1141508,141508
317,2243067,None,1178951,178951
317,2243067,None,1204483,204483
318,2244928,None,1204529,204529
319,2244915,None,1204541,204541
320,2243033,None,1141470,141470
321,2243090,None,1204471,204471
322,2244096,None,174262,74262
322,2244096,None,176874,76874
322,2244096,None,1204357,204357
322,2244096,None,1157130,157130
323,2245001,None,1204566,204566
324,2247295,None,1141523,141523
325,2247021,None,1204512,204512
326,2244197,None,1164360,164360
326,2244197,None,181297,81297
326,2244197,None,1178857,178857
326,2244197,None,1205535,205535
326,2244197,None,1204366,204366
327,2247081,None,1204381,204381
328,2244166,None,173701,73701
329,2247069,None,1204464,204464
330,2247369,None,1204479,204479
331,2244198,None,1204354,204354
332,2244161,None,1178925,178925
333,2248234,None,1178832,178832
333,2248234,None,1178956,178956
333,2248234,None,1204366,204366
333,2248234,None,1204466,204466
334,2249984,None,1204430,204430
334,2249984,None,1160655,160655
334,2249984,None,1178946,178946
335,2247980,142085,1204407,204407
335,2247980,142085,174161,74161
336,2249851,None,378,78
337,2249938,None,174057,74057
337,2249938,None,1204353,204353
337,2249938,None,1204380,204380
337,2249938,None,1178939,178939
337,2249938,None,1204459,204459
337,2249938,None,181297,81297
337,2249938,None,1178994,178994
337,2249938,None,174075,74075
337,2249938,None,1204407,204407
337,2249938,None,1204354,204354
337,2249938,None,1107283,107283
337,2249938,None,174848,74848
337,2249938,None,1204468,204468
337,2249938,None,1178832,178832
337,2249938,None,1139285,139285
337,2249938,None,174784,74784
337,2249938,None,1178866,178866
337,2249938,None,1204430,204430
337,2249938,None,1171619,171619
337,2249938,None,174398,74398
337,2249938,None,1178956,178956
337,2249938,None,1204453,204453
337,2249938,None,173943,73943
337,2249938,None,1160639,160639
337,2249938,None,1178925,178925
337,2249938,None,1204357,204357
337,2249938,None,1204535,204535
337,2249938,None,1178961,178961
337,2249938,None,1178946,178946
337,2249938,None,1204464,204464
337,2249938,None,1204466,204466
338,2249871,None,1204503,204503
338,2249871,None,181297,81297
338,2249871,None,174848,74848
338,2249871,None,1178857,178857
338,2249871,None,1178956,178956
338,2249871,None,1205535,205535
339,2249882,None,1204453,204453
339,2249882,None,1204467,204467
340,2247564,None,378,78
341,2250375,None,1178975,178975
342,2247978,None,1204364,204364
343,2250288,None,1160673,160673
344,2248274,None,1178925,178925
345,2248209,None,173586,73586
346,2249865,None,1178948,178948
347,2250287,None,1178952,178952
348,2249899,None,1204359,204359
349,2250388,None,1204379,204379
349,2250388,None,174200,74200
350,2248519,None,1204544,204544
351,2247431,None,1204570,204570
352,2247976,None,174161,74161
353,2247973,None,174161,74161
354,2249927,None,1204488,204488
355,2250202,None,1178959,178959
356,2250324,None,173486,73486
357,2248286,None,1160674,160674
358,2250558,None,1204552,204552
359,2250921,None,1160589,160589
359,2250921,None,1204410,204410
360,2250883,142132,1204361,204361
361,2250829,None,1164360,164360
361,2250829,None,181297,81297
362,2251103,None,1204503,204503
362,2251103,None,1204450,204450
362,2251103,None,1204412,204412
362,2251103,None,1204484,204484
362,2251103,None,1178857,178857
362,2251103,None,1205535,205535
362,2251103,None,1204406,204406
362,2251103,None,1204366,204366
363,2250434,None,1160600,160600
364,2250560,None,1160511,160511
364,2250560,None,1178927,178927
364,2250560,None,1204561,204561
364,2250560,None,1204352,204352
364,2250560,None,1204426,204426
364,2250560,None,1160528,160528
364,2250560,None,1205548,205548
364,2250560,None,1204542,204542
364,2250560,None,1204394,204394
364,2250560,None,1139285,139285
364,2250560,None,176874,76874
364,2250560,None,181055,81055
364,2250560,None,1141508,141508
364,2250560,None,1204464,204464
364,2250560,None,1206231,206231
364,2250560,None,1204483,204483
365,2250472,None,31,1
366,2251082,None,1204361,204361
367,2250426,None,1204544,204544
368,2250555,None,1178931,178931
369,2250460,None,1160518,160518
370,2250574,None,181297,81297
371,2250644,None,1178857,178857
372,2250890,None,1204494,204494
373,2250819,None,1160552,160552
374,2251385,None,1204467,204467
374,2251385,None,1178925,178925
375,2251935,None,1204488,204488
376,2251392,141188,25529,5529
377,2251944,None,174159,74159
378,2251405,None,1204544,204544
379,2251183,None,1204479,204479
380,2252590,None,1160512,160512
381,2252652,None,1204399,204399
382,2253069,None,1204353,204353
382,2253069,None,1178832,178832
383,2242176,None,176874,76874
383,2242176,None,1157130,157130
384,2241882,None,1178873,178873
385,2241858,None,1204381,204381
386,2241695,None,1204515,204515
387,2242684,None,1204379,204379
387,2242684,None,1204487,204487
387,2242684,None,1178939,178939
387,2242684,None,1178934,178934
387,2242684,None,1160518,160518
388,2242731,None,174400,74400
389,2242630,None,1204440,204440
390,2242500,None,174262,74262
391,2242555,None,1204544,204544
392,2242577,None,1204476,204476
393,2242716,None,1160655,160655
394,2242354,None,1204448,204448
395,2244924,None,1204501,204501
395,2244924,None,1204426,204426
395,2244924,None,1204370,204370
395,2244924,None,1204393,204393
395,2244924,None,1178970,178970
395,2244924,None,1178857,178857
395,2244924,None,1141470,141470
395,2244924,None,1204555,204555
395,2244924,None,174398,74398
395,2244924,None,174160,74160
395,2244924,None,1141488,141488
395,2244924,None,1204467,204467
395,2244924,None,1204480,204480
395,2244924,None,1160610,160610
396,2247366,None,1141488,141488
397,2243066,None,1205548,205548
397,2243066,None,1178994,178994
397,2243066,None,1134812,134812
397,2243066,None,1160575,160575
397,2243066,None,1204407,204407
397,2243066,None,1204375,204375
397,2243066,None,1139285,139285
397,2243066,None,1204410,204410
397,2243066,None,174784,74784
397,2243066,None,1204471,204471
397,2243066,None,1171619,171619
397,2243066,None,174398,74398
397,2243066,None,166179,66179
397,2243066,None,1205535,205535
397,2243066,None,1204377,204377
397,2243066,None,173943,73943
397,2243066,None,1160639,160639
397,2243066,None,1204467,204467
397,2243066,None,1178925,178925
397,2243066,None,1204535,204535
397,2243066,None,1204534,204534
397,2243066,None,1204464,204464
397,2243066,None,1204466,204466
398,2247343,None,1178874,178874
399,2243110,None,1204544,204544
400,2248273,None,1178925,178925
401,2250411,None,1204546,204546
402,2250380,None,166828,66828
403,2248022,None,1133968,133968
404,2247988,None,1204485,204485
405,2247994,None,1178970,178970
406,2252029,None,1160570,160570
407,2252034,None,1160508,160508
407,2252034,None,1204495,204495
407,2252034,None,1204501,204501
407,2252034,None,1160511,160511
407,2252034,None,1204503,204503
407,2252034,None,173433,73433
407,2252034,None,1159237,159237
407,2252034,None,173701,73701
407,2252034,None,1141335,141335
407,2252034,None,1160538,160538
407,2252034,None,1204426,204426
407,2252034,None,1141398,141398
407,2252034,None,1204370,204370
407,2252034,None,1205548,205548
407,2252034,None,1134812,134812
407,2252034,None,1132504,132504
407,2252034,None,1160575,160575
407,2252034,None,1204407,204407
407,2252034,None,1204393,204393
407,2252034,None,1152605,152605
407,2252034,None,1107283,107283
407,2252034,None,1178873,178873
407,2252034,None,173482,73482
407,2252034,None,173531,73531
407,2252034,None,1178970,178970
407,2252034,None,1178857,178857
407,2252034,None,1141464,141464
407,2252034,None,1141470,141470
407,2252034,None,1204555,204555
407,2252034,None,1209189,209189
407,2252034,None,174156,74156
407,2252034,None,174784,74784
407,2252034,None,1178866,178866
407,2252034,None,176874,76874
407,2252034,None,1160535,160535
407,2252034,None,1171619,171619
407,2252034,None,174398,74398
407,2252034,None,1204428,204428
407,2252034,None,1204453,204453
407,2252034,None,1178986,178986
407,2252034,None,174159,74159
407,2252034,None,1160556,160556
407,2252034,None,174160,74160
407,2252034,None,1171617,171617
407,2252034,None,1204492,204492
407,2252034,None,174400,74400
407,2252034,None,1141488,141488
407,2252034,None,1160604,160604
407,2252034,None,173943,73943
407,2252034,None,1204467,204467
407,2252034,None,174161,74161
407,2252034,None,1178925,178925
407,2252034,None,1204480,204480
407,2252034,None,174371,74371
407,2252034,None,173604,73604
407,2252034,None,1204535,204535
407,2252034,None,1204534,204534
407,2252034,None,1204464,204464
407,2252034,None,1160610,160610
407,2252034,None,174376,74376
407,2252034,None,174283,74283
407,2252034,None,1160569,160569
407,2252034,None,1178889,178889
407,2252034,None,1204559,204559
407,2252034,None,1160592,160592
408,2251884,None,1204359,204359
409,2251889,None,1178925,178925
410,2253356,None,1160545,160545
410,2253356,None,1141422,141422
410,2253356,None,1204381,204381
411,2253353,None,1178871,178871
412,2239120,None,1204528,204528
412,2239120,None,1178842,178842
412,2239120,None,1205535,205535
412,2239120,None,1204461,204461
412,2239120,None,1204366,204366
412,2239120,None,1204532,204532
413,2238884,None,1150418,150418
414,2238896,None,1204528,204528
414,2238896,None,1204516,204516
414,2238896,None,1204523,204523
414,2238896,None,1156190,156190
414,2238896,None,1204461,204461
414,2238896,None,1204519,204519
414,2238896,None,1204532,204532
415,2238875,None,1178925,178925
416,2238985,None,1204564,204564
417,2238866,None,1178925,178925
418,2238702,None,1141459,141459
419,2238882,None,1178952,178952
420,2241742,None,1204379,204379
420,2241742,None,1204487,204487
421,2241870,None,1178842,178842
422,2242188,None,1204379,204379
422,2242188,None,1204487,204487
423,2242048,None,1204501,204501
423,2242048,None,1204503,204503
423,2242048,None,1204426,204426
423,2242048,None,1204370,204370
423,2242048,None,1204393,204393
423,2242048,None,1178970,178970
423,2242048,None,1178857,178857
423,2242048,None,1141470,141470
423,2242048,None,1204555,204555
423,2242048,None,1204428,204428
423,2242048,None,1178986,178986
423,2242048,None,174160,74160
423,2242048,None,174400,74400
423,2242048,None,1141488,141488
423,2242048,None,1204467,204467
424,2241881,None,1204528,204528
424,2241881,None,1204516,204516
424,2241881,None,1204365,204365
424,2241881,None,1156190,156190
424,2241881,None,1204532,204532
425,2241958,None,1204541,204541
426,2242572,None,190201,90201
427,2242340,None,1204414,204414
428,2242507,None,1178882,178882
429,2242802,None,1178843,178843
430,2242762,None,174057,74057
431,2242359,None,1204353,204353
432,2242301,None,173466,73466
433,2247363,None,1143632,143632
434,2247334,None,1204544,204544
435,2244164,None,1204561,204561
435,2244164,None,1160528,160528
435,2244164,None,1204542,204542
435,2244164,None,172442,72442
435,2244164,None,1178931,178931
435,2244164,None,1141508,141508
436,2247064,None,1204392,204392
437,2248503,None,1204544,204544
438,2248287,None,1205548,205548
438,2248287,None,1134812,134812
438,2248287,None,1204407,204407
438,2248287,None,173531,73531
438,2248287,None,174784,74784
438,2248287,None,1204535,204535
438,2248287,None,1204464,204464
439,2250299,None,1143084,143084
440,2250301,None,1152610,152610
441,2249948,None,174057,74057
442,2248035,None,173943,73943
443,2250904,None,1152610,152610
444,2250732,None,1204503,204503
444,2250732,None,174848,74848
445,2250648,None,1108338,108338
446,2250459,None,1160518,160518
447,2252166,None,1204453,204453
448,2252577,None,174057,74057
448,2252577,None,1204561,204561
448,2252577,None,1204426,204426
448,2252577,None,1139285,139285
448,2252577,None,1204453,204453
448,2252577,None,173943,73943
448,2252577,None,1160639,160639
448,2252577,None,1204467,204467
448,2252577,None,1204534,204534
449,2252517,None,1159237,159237
449,2252517,None,173701,73701
449,2252517,None,1204426,204426
449,2252517,None,1141398,141398
449,2252517,None,1132504,132504
449,2252517,None,1160575,160575
449,2252517,None,1204393,204393
449,2252517,None,1178873,178873
449,2252517,None,1178970,178970
449,2252517,None,1178857,178857
449,2252517,None,1141470,141470
449,2252517,None,1204555,204555
449,2252517,None,1209189,209189
449,2252517,None,1178866,178866
449,2252517,None,1160535,160535
449,2252517,None,174398,74398
449,2252517,None,1178986,178986
449,2252517,None,174159,74159
449,2252517,None,1160556,160556
449,2252517,None,174160,74160
449,2252517,None,1171617,171617
449,2252517,None,1141488,141488
449,2252517,None,1204467,204467
449,2252517,None,1204480,204480
449,2252517,None,1160569,160569
449,2252517,None,1178889,178889
449,2252517,None,1204559,204559
450,2252779,None,1178925,178925
451,2252679,None,1204544,204544
452,2252896,None,174161,74161
453,2252792,None,173486,73486
454,2253000,None,1160508,160508
454,2253000,None,1204495,204495
454,2253000,None,1204501,204501
454,2253000,None,1204503,204503
454,2253000,None,173433,73433
454,2253000,None,173701,73701
454,2253000,None,1141335,141335
454,2253000,None,1204426,204426
454,2253000,None,1204370,204370
454,2253000,None,1132504,132504
454,2253000,None,1160575,160575
454,2253000,None,1204393,204393
454,2253000,None,1107283,107283
454,2253000,None,1178873,178873
454,2253000,None,173482,73482
454,2253000,None,1178970,178970
454,2253000,None,1178857,178857
454,2253000,None,1141470,141470
454,2253000,None,1204555,204555
454,2253000,None,174156,74156
454,2253000,None,1178866,178866
454,2253000,None,1160535,160535
454,2253000,None,1171619,171619
454,2253000,None,174398,74398
454,2253000,None,1204428,204428
454,2253000,None,1204453,204453
454,2253000,None,1178986,178986
454,2253000,None,1160556,160556
454,2253000,None,174160,74160
454,2253000,None,1171617,171617
454,2253000,None,1204492,204492
454,2253000,None,174400,74400
454,2253000,None,1141488,141488
454,2253000,None,1160604,160604
454,2253000,None,1204467,204467
454,2253000,None,174161,74161
454,2253000,None,1178925,178925
454,2253000,None,1204480,204480
454,2253000,None,174371,74371
454,2253000,None,173604,73604
454,2253000,None,1160610,160610
454,2253000,None,174376,74376
454,2253000,None,174283,74283
454,2253000,None,1160569,160569
454,2253000,None,1178889,178889
454,2253000,None,1160592,160592
455,2253101,None,1204435,204435
456,2253050,None,378,78
457,2253025,None,1205548,205548
457,2253025,None,1134812,134812
457,2253025,None,1204407,204407
457,2253025,None,1152605,152605
457,2253025,None,173531,73531
457,2253025,None,174784,74784
457,2253025,None,176874,76874
457,2253025,None,1204535,204535
457,2253025,None,1204464,204464
458,2253068,None,1204383,204383
459,2238900,None,1204556,204556
460,2241701,None,174043,74043
461,2238979,None,1204541,204541
462,2250895,None,1204358,204358
462,2250895,None,174262,74262
463,2250672,None,1204358,204358
464,2250718,None,173943,73943
465,2239494,None,1204379,204379
465,2239494,None,1204528,204528
465,2239494,None,1204503,204503
465,2239494,None,1178833,178833
465,2239494,None,1204516,204516
465,2239494,None,1204400,204400
465,2239494,None,1133439,133439
465,2239494,None,1204374,204374
465,2239494,None,1204504,204504
465,2239494,None,1178939,178939
465,2239494,None,1204518,204518
465,2239494,None,1204537,204537
465,2239494,None,1198197,198197
465,2239494,None,1178959,178959
465,2239494,None,1178842,178842
465,2239494,None,1160531,160531
465,2239494,None,1178857,178857
465,2239494,None,1204359,204359
465,2239494,None,1204405,204405
465,2239494,None,1204523,204523
465,2239494,None,1204455,204455
465,2239494,None,1156190,156190
465,2239494,None,1205863,205863
465,2239494,None,176874,76874
465,2239494,None,1178956,178956
465,2239494,None,166179,66179
465,2239494,None,1205535,205535
465,2239494,None,1204377,204377
465,2239494,None,1204461,204461
465,2239494,None,1204467,204467
465,2239494,None,1204366,204366
465,2239494,None,1204525,204525
465,2239494,None,1204357,204357
465,2239494,None,1204466,204466
465,2239494,None,1204519,204519
465,2239494,None,1204532,204532
466,2239623,None,1204426,204426
466,2239623,None,1204555,204555
467,2239097,None,173696,73696
467,2239097,None,1164360,164360
467,2239097,None,1204459,204459
467,2239097,None,1178994,178994
467,2239097,None,174075,74075
467,2239097,None,1204354,204354
467,2239097,None,35,5
467,2239097,None,1204468,204468
467,2239097,None,1204546,204546
467,2239097,None,1204458,204458
467,2239097,None,1178956,178956
467,2239097,None,166179,66179
467,2239097,None,1160639,160639
467,2239097,None,1204467,204467
467,2239097,None,1204525,204525
467,2239097,None,1178961,178961
467,2239097,None,1178946,178946
468,2239379,None,1178882,178882
469,2239534,None,1204361,204361
470,2239478,None,1204488,204488
471,2239407,None,172442,72442
472,2239656,None,1204576,204576
473,2239460,None,1204395,204395
474,2239605,None,1160508,160508
474,2239605,None,1204495,204495
474,2239605,None,1204501,204501
474,2239605,None,1204503,204503
474,2239605,None,173433,73433
474,2239605,None,1141335,141335
474,2239605,None,1160538,160538
474,2239605,None,1204426,204426
474,2239605,None,1204370,204370
474,2239605,None,1132504,132504
474,2239605,None,1160575,160575
474,2239605,None,1204393,204393
474,2239605,None,1107283,107283
474,2239605,None,1178873,178873
474,2239605,None,1178970,178970
474,2239605,None,1178857,178857
474,2239605,None,1141464,141464
474,2239605,None,1141470,141470
474,2239605,None,1204555,204555
474,2239605,None,1209189,209189
474,2239605,None,174156,74156
474,2239605,None,1178866,178866
474,2239605,None,1160535,160535
474,2239605,None,1171619,171619
474,2239605,None,174398,74398
474,2239605,None,1204428,204428
474,2239605,None,1204453,204453
474,2239605,None,1178986,178986
474,2239605,None,1160556,160556
474,2239605,None,174160,74160
474,2239605,None,1171617,171617
474,2239605,None,1204492,204492
474,2239605,None,174400,74400
474,2239605,None,1141488,141488
474,2239605,None,1160604,160604
474,2239605,None,1204467,204467
474,2239605,None,174161,74161
474,2239605,None,1178925,178925
474,2239605,None,1204480,204480
474,2239605,None,174371,74371
474,2239605,None,173604,73604
474,2239605,None,1160610,160610
474,2239605,None,174376,74376
474,2239605,None,174283,74283
474,2239605,None,1160569,160569
474,2239605,None,1178889,178889
474,2239605,None,1204559,204559
474,2239605,None,1160592,160592
475,2239111,None,1143084,143084
476,2239367,None,1204542,204542
477,2241954,None,1204541,204541
478,2242181,None,1204503,204503
478,2242181,None,1164360,164360
478,2242181,None,1204412,204412
478,2242181,None,181297,81297
478,2242181,None,1178857,178857
478,2242181,None,1178956,178956
478,2242181,None,1205535,205535
478,2242181,None,1204377,204377
478,2242181,None,1204366,204366
479,2241804,None,174371,74371
480,2241679,None,1164359,164359
481,2241792,None,1141470,141470
482,2241960,None,1205548,205548
482,2241960,None,1134812,134812
482,2241960,None,1204407,204407
482,2241960,None,173531,73531
482,2241960,None,174784,74784
482,2241960,None,176874,76874
482,2241960,None,1204535,204535
482,2241960,None,1204464,204464
483,2242069,None,1205548,205548
483,2242069,None,1204407,204407
483,2242069,None,173531,73531
483,2242069,None,174784,74784
483,2242069,None,176874,76874
483,2242069,None,1204535,204535
484,2242131,None,173701,73701
485,2241927,None,1152605,152605
485,2241927,None,1204453,204453
485,2241927,None,1204464,204464
486,2242130,None,1204528,204528
486,2242130,None,1164360,164360
486,2242130,None,1178916,178916
486,2242130,None,1204412,204412
486,2242130,None,1178857,178857
486,2242130,None,1204410,204410
486,2242130,None,1205535,205535
486,2242130,None,1204377,204377
486,2242130,None,173943,73943
486,2242130,None,1204366,204366
486,2242130,None,1178946,178946
487,2241784,None,1204503,204503
487,2241784,None,1204426,204426
487,2241784,None,1204370,204370
487,2241784,None,1204393,204393
487,2241784,None,1178970,178970
487,2241784,None,1209189,209189
487,2241784,None,1160535,160535
487,2241784,None,1160556,160556
487,2241784,None,1141488,141488
487,2241784,None,1160604,160604
487,2241784,None,1204467,204467
487,2241784,None,1160610,160610
487,2241784,None,1178889,178889
488,2242137,None,1133439,133439
489,2241945,None,1141470,141470
490,2241944,None,1204365,204365
491,2241925,None,1178927,178927
491,2241925,None,1205535,205535
492,2241794,None,1141470,141470
493,2242055,None,1204550,204550
494,2241677,None,1191923,191923
495,2241952,None,173701,73701
496,2242041,None,1108338,108338
497,2241645,None,1204383,204383
498,2242156,None,1177282,177282
499,2241981,None,1137070,137070
500,2241939,None,173943,73943
500,2241939,None,1204464,204464
501,2241738,None,1204556,204556
502,2241821,None,192699,92699
503,2242186,None,1204494,204494
504,2241863,None,1136811,136811
505,2241868,None,174200,74200
505,2241868,None,1178886,178886
506,2241982,None,1137070,137070
507,2241797,None,1178925,178925
508,2241644,None,1178873,178873
508,2241644,None,1204383,204383
509,2241630,None,1204453,204453
510,2242787,None,1204503,204503
510,2242787,None,174057,74057
510,2242787,None,1164360,164360
510,2242787,None,1204412,204412
510,2242787,None,181297,81297
510,2242787,None,1204500,204500
510,2242787,None,174848,74848
510,2242787,None,1178857,178857
510,2242787,None,1205535,205535
510,2242787,None,173943,73943
510,2242787,None,1204366,204366
511,2242365,None,1160508,160508
511,2242365,None,1204495,204495
511,2242365,None,1204501,204501
511,2242365,None,1204503,204503
511,2242365,None,173433,73433
511,2242365,None,1159237,159237
511,2242365,None,173701,73701
511,2242365,None,1141335,141335
511,2242365,None,1160538,160538
511,2242365,None,1204426,204426
511,2242365,None,1141398,141398
511,2242365,None,1204370,204370
511,2242365,None,1132504,132504
511,2242365,None,1160575,160575
511,2242365,None,1204393,204393
511,2242365,None,1107283,107283
511,2242365,None,1178873,178873
511,2242365,None,173482,73482
511,2242365,None,1178970,178970
511,2242365,None,1178857,178857
511,2242365,None,1141464,141464
511,2242365,None,1141470,141470
511,2242365,None,1204555,204555
511,2242365,None,1209189,209189
511,2242365,None,174156,74156
511,2242365,None,1178866,178866
511,2242365,None,1160535,160535
511,2242365,None,1171619,171619
511,2242365,None,174398,74398
511,2242365,None,1204453,204453
511,2242365,None,1178986,178986
511,2242365,None,174159,74159
511,2242365,None,1160556,160556
511,2242365,None,174160,74160
511,2242365,None,1171617,171617
511,2242365,None,1204492,204492
511,2242365,None,174400,74400
511,2242365,None,1141488,141488
511,2242365,None,1160604,160604
511,2242365,None,1204467,204467
511,2242365,None,174161,74161
511,2242365,None,1178925,178925
511,2242365,None,1204480,204480
511,2242365,None,174371,74371
511,2242365,None,173604,73604
511,2242365,None,1160610,160610
511,2242365,None,174376,74376
511,2242365,None,174283,74283
511,2242365,None,1160569,160569
511,2242365,None,1178889,178889
511,2242365,None,1204559,204559
511,2242365,None,1160592,160592
512,2242385,None,174848,74848
512,2242385,None,173943,73943
512,2242385,None,1160641,160641
512,2242385,None,173801,73801
513,2242371,None,1164360,164360
513,2242371,None,181297,81297
513,2242371,None,1204406,204406
514,2242763,None,174057,74057
515,2242391,None,174848,74848
515,2242391,None,173943,73943
515,2242391,None,1160641,160641
516,2242513,None,1204501,204501
516,2242513,None,1204503,204503
516,2242513,None,173433,73433
516,2242513,None,1204426,204426
516,2242513,None,1132504,132504
516,2242513,None,1160575,160575
516,2242513,None,1204393,204393
516,2242513,None,1107283,107283
516,2242513,None,1178873,178873
516,2242513,None,1178970,178970
516,2242513,None,1178857,178857
516,2242513,None,1141470,141470
516,2242513,None,1204555,204555
516,2242513,None,1209189,209189
516,2242513,None,174156,74156
516,2242513,None,1178866,178866
516,2242513,None,1160535,160535
516,2242513,None,1204428,204428
516,2242513,None,1204453,204453
516,2242513,None,1178986,178986
516,2242513,None,1160556,160556
516,2242513,None,174160,74160
516,2242513,None,1171617,171617
516,2242513,None,1160604,160604
516,2242513,None,1204467,204467
516,2242513,None,1204480,204480
516,2242513,None,173604,73604
516,2242513,None,1160610,160610
516,2242513,None,174283,74283
516,2242513,None,1160569,160569
516,2242513,None,1178889,178889
516,2242513,None,1160592,160592
517,2242827,None,1204352,204352
517,2242827,None,1204499,204499
517,2242827,None,1160528,160528
517,2242827,None,1139285,139285
517,2242827,None,1178931,178931
517,2242827,None,1141508,141508
517,2242827,None,173943,73943
518,2242230,None,1204352,204352
518,2242230,None,1204542,204542
518,2242230,None,1139285,139285
518,2242230,None,1178931,178931
518,2242230,None,1141508,141508
518,2242230,None,1205535,205535
518,2242230,None,1204525,204525
519,2242388,None,174848,74848
519,2242388,None,173943,73943
519,2242388,None,1160641,160641
519,2242388,None,173801,73801
520,2242304,None,1204503,204503
520,2242304,None,1164360,164360
520,2242304,None,1204359,204359
520,2242304,None,1205535,205535
521,2242658,None,1204556,204556
522,2242495,None,1141470,141470
523,2242256,None,1204503,204503
523,2242256,None,1178833,178833
523,2242256,None,1164360,164360
523,2242256,None,1204412,204412
523,2242256,None,181297,81297
523,2242256,None,1178959,178959
523,2242256,None,1178857,178857
523,2242256,None,1178956,178956
523,2242256,None,1205535,205535
523,2242256,None,1204377,204377
523,2242256,None,173943,73943
524,2242816,None,1160528,160528
524,2242816,None,173586,73586
525,2242851,None,1164359,164359
526,2242698,None,1160587,160587
527,2242636,None,1204418,204418
528,2242360,None,1204353,204353
529,2242379,None,1204550,204550
530,2246809,None,174400,74400
531,2242798,None,1204477,204477
532,2242707,None,1191923,191923
533,2242294,None,1204352,204352
533,2242294,None,1204429,204429
534,2242235,None,1191923,191923
535,2242781,None,1160575,160575
536,2242825,None,1204512,204512
537,2242217,None,1178829,178829
538,2242234,None,1178829,178829
539,2242389,None,174848,74848
539,2242389,None,173943,73943
539,2242389,None,1160641,160641
540,2242390,None,174848,74848
540,2242390,None,173943,73943
540,2242390,None,1160641,160641
540,2242390,None,173801,73801
541,2242267,None,1204548,204548
542,2247360,None,1204460,204460
542,2247360,None,1204411,204411
542,2247360,None,1204381,204381
543,2244989,None,1204546,204546
543,2244989,None,1204359,204359
544,2243073,None,1204561,204561
544,2243073,None,1178873,178873
545,2245010,None,1141411,141411
545,2245010,None,173943,73943
546,2247362,None,1204503,204503
546,2247362,None,1204426,204426
546,2247362,None,1204370,204370
546,2247362,None,1160575,160575
546,2247362,None,1204393,204393
546,2247362,None,1107283,107283
546,2247362,None,1178970,178970
546,2247362,None,1178857,178857
546,2247362,None,1141470,141470
546,2247362,None,1204555,204555
546,2247362,None,1171619,171619
546,2247362,None,1178986,178986
546,2247362,None,1160556,160556
546,2247362,None,1205535,205535
546,2247362,None,174160,74160
546,2247362,None,174400,74400
546,2247362,None,1141488,141488
546,2247362,None,1160604,160604
546,2247362,None,1204467,204467
546,2247362,None,1160592,160592
547,2244220,None,1204496,204496
548,2244115,None,1204503,204503
548,2244115,None,1178833,178833
548,2244115,None,1164360,164360
548,2244115,None,181297,81297
548,2244115,None,1204371,204371
548,2244115,None,1178857,178857
548,2244115,None,1178956,178956
548,2244115,None,1204377,204377
548,2244115,None,1204366,204366
549,2243098,None,173586,73586
550,2247338,None,173586,73586
551,2247329,None,1205548,205548
551,2247329,None,1134812,134812
551,2247329,None,1204407,204407
551,2247329,None,173531,73531
551,2247329,None,174784,74784
551,2247329,None,176874,76874
551,2247329,None,1204535,204535
551,2247329,None,1204464,204464
552,2246749,None,1204562,204562
553,2244946,None,1205548,205548
553,2244946,None,1134812,134812
553,2244946,None,1204407,204407
553,2244946,None,173531,73531
553,2244946,None,174784,74784
553,2244946,None,176874,76874
553,2244946,None,1204535,204535
553,2244946,None,1204464,204464
554,2244925,None,1204501,204501
554,2244925,None,1204426,204426
554,2244925,None,1204370,204370
554,2244925,None,1204393,204393
554,2244925,None,1178970,178970
554,2244925,None,1178857,178857
554,2244925,None,1141470,141470
554,2244925,None,1204555,204555
554,2244925,None,1171619,171619
554,2244925,None,174398,74398
554,2244925,None,1204428,204428
554,2244925,None,1178986,178986
554,2244925,None,1160556,160556
554,2244925,None,174160,74160
554,2244925,None,174400,74400
554,2244925,None,1141488,141488
554,2244925,None,1160604,160604
554,2244925,None,1204467,204467
554,2244925,None,1204480,204480
554,2244925,None,1160610,160610
555,2247342,None,1204425,204425
556,2243099,None,1204372,204372
557,2245009,None,198057,98057
558,2246803,None,1160535,160535
559,2243108,None,1204556,204556
560,2242855,None,1133439,133439
561,2244153,None,174439,74439
562,2244947,None,1141391,141391
562,2244947,None,1160632,160632
563,2244081,None,378,78
564,2242854,None,1141470,141470
565,2243086,None,1204527,204527
566,2243074,None,1160528,160528
566,2243074,None,1204542,204542
566,2243074,None,1206231,206231
566,2243074,None,1204483,204483
567,2243075,None,1160528,160528
567,2243075,None,1206231,206231
567,2243075,None,1204483,204483
568,2243076,None,1160528,160528
568,2243076,None,1204525,204525
568,2243076,None,1204483,204483
569,2248208,None,173586,73586
570,2249949,None,174057,74057
570,2249949,None,174848,74848
570,2249949,None,1178925,178925
571,2248291,None,1204439,204439
572,2248045,None,1204566,204566
573,2249375,None,1204518,204518
574,2248292,None,1204478,204478
575,2248283,None,1204556,204556
576,2249308,None,1204477,204477
577,2249321,None,1204496,204496
578,2248061,None,1204496,204496
579,2250292,None,1204546,204546
580,2249942,None,1204453,204453
581,2248275,None,1178925,178925
582,2248290,None,1204502,204502
583,2248243,None,1204439,204439
584,2248028,None,1204458,204458
585,2247997,None,1178921,178921
586,2250880,None,1206231,206231
587,2250454,None,1204488,204488
588,2250863,None,1204495,204495
588,2250863,None,1204501,204501
588,2250863,None,1204503,204503
588,2250863,None,173433,73433
588,2250863,None,1159237,159237
588,2250863,None,173701,73701
588,2250863,None,1141335,141335
588,2250863,None,1160538,160538
588,2250863,None,1204426,204426
588,2250863,None,1141398,141398
588,2250863,None,1204370,204370
588,2250863,None,1132504,132504
588,2250863,None,1160575,160575
588,2250863,None,1204393,204393
588,2250863,None,1107283,107283
588,2250863,None,1178873,178873
588,2250863,None,173482,73482
588,2250863,None,1178970,178970
588,2250863,None,1178857,178857
588,2250863,None,1141464,141464
588,2250863,None,1141470,141470
588,2250863,None,1204555,204555
588,2250863,None,1209189,209189
588,2250863,None,174156,74156
588,2250863,None,1178866,178866
588,2250863,None,1160535,160535
588,2250863,None,1171619,171619
588,2250863,None,174398,74398
588,2250863,None,1204428,204428
588,2250863,None,1204453,204453
588,2250863,None,1178986,178986
588,2250863,None,174159,74159
588,2250863,None,1160556,160556
588,2250863,None,174160,74160
588,2250863,None,1171617,171617
588,2250863,None,1204492,204492
588,2250863,None,174400,74400
588,2250863,None,1141488,141488
588,2250863,None,1160604,160604
588,2250863,None,1204467,204467
588,2250863,None,174161,74161
588,2250863,None,1178925,178925
588,2250863,None,1204480,204480
588,2250863,None,174371,74371
588,2250863,None,173604,73604
588,2250863,None,1160610,160610
588,2250863,None,174376,74376
588,2250863,None,174283,74283
588,2250863,None,1160569,160569
588,2250863,None,1178889,178889
588,2250863,None,1160592,160592
589,2250600,None,1160512,160512
590,2251068,None,174043,74043
591,2250654,None,1108338,108338
592,2250777,None,1141408,141408
593,2250704,None,174439,74439
594,2250675,None,1204358,204358
595,2250662,None,1178975,178975
596,2250419,None,1178985,178985
597,2250535,None,1204352,204352
597,2250535,None,1204371,204371
597,2250535,None,1204534,204534
598,2251999,None,1204495,204495
598,2251999,None,1204501,204501
598,2251999,None,1204503,204503
598,2251999,None,1159237,159237
598,2251999,None,173701,73701
598,2251999,None,1141335,141335
598,2251999,None,1160538,160538
598,2251999,None,1204426,204426
598,2251999,None,1204370,204370
598,2251999,None,1132504,132504
598,2251999,None,1160575,160575
598,2251999,None,1204393,204393
598,2251999,None,1107283,107283
598,2251999,None,173482,73482
598,2251999,None,1178970,178970
598,2251999,None,1178857,178857
598,2251999,None,1141464,141464
598,2251999,None,1141470,141470
598,2251999,None,1204555,204555
598,2251999,None,1209189,209189
598,2251999,None,174156,74156
598,2251999,None,1178866,178866
598,2251999,None,1160535,160535
598,2251999,None,174398,74398
598,2251999,None,1204428,204428
598,2251999,None,1178986,178986
598,2251999,None,1160556,160556
598,2251999,None,174160,74160
598,2251999,None,1171617,171617
598,2251999,None,174400,74400
598,2251999,None,1141488,141488
598,2251999,None,1204467,204467
598,2251999,None,1204480,204480
598,2251999,None,174371,74371
598,2251999,None,1160610,160610
598,2251999,None,174376,74376
598,2251999,None,174283,74283
598,2251999,None,1160569,160569
598,2251999,None,1178889,178889
599,2252074,None,1164360,164360
599,2252074,None,181297,81297
599,2252074,None,1204377,204377
599,2252074,None,1160639,160639
600,2252110,None,1164360,164360
600,2252110,None,1204459,204459
600,2252110,None,181297,81297
600,2252110,None,1178994,178994
600,2252110,None,1160575,160575
600,2252110,None,1178839,178839
600,2252110,None,1178832,178832
600,2252110,None,1204375,204375
600,2252110,None,174398,74398
600,2252110,None,1178956,178956
600,2252110,None,166179,66179
600,2252110,None,1205535,205535
600,2252110,None,1160639,160639
600,2252110,None,1178925,178925
600,2252110,None,1204525,204525
600,2252110,None,1178946,178946
600,2252110,None,1204464,204464
600,2252110,None,1204466,204466
601,2251961,None,1204510,204510
601,2251961,None,1204404,204404
602,2252061,None,174057,74057
602,2252061,None,173701,73701
602,2252061,None,1160528,160528
602,2252061,None,1178873,178873
602,2252061,None,1178857,178857
602,2252061,None,181055,81055
602,2252061,None,174398,74398
602,2252061,None,1178987,178987
602,2252061,None,1160641,160641
602,2252061,None,1204467,204467
602,2252061,None,1204464,204464
603,2252111,None,1141421,141421
604,2251916,None,1160640,160640
605,2251963,None,1204559,204559
606,2251391,None,1141470,141470
607,2251394,None,1141470,141470
608,2251181,None,1204372,204372
609,2252016,None,1204500,204500
610,2251491,None,1160508,160508
610,2251491,None,1204495,204495
610,2251491,None,1204501,204501
610,2251491,None,1159237,159237
610,2251491,None,173701,73701
610,2251491,None,1141335,141335
610,2251491,None,1204370,204370
610,2251491,None,1132504,132504
610,2251491,None,1160575,160575
610,2251491,None,1204393,204393
610,2251491,None,1107283,107283
610,2251491,None,173482,73482
610,2251491,None,1178970,178970
610,2251491,None,1178857,178857
610,2251491,None,1141470,141470
610,2251491,None,1204555,204555
610,2251491,None,1209189,209189
610,2251491,None,174156,74156
610,2251491,None,1178866,178866
610,2251491,None,1160535,160535
610,2251491,None,1171619,171619
610,2251491,None,1178986,178986
610,2251491,None,1160556,160556
610,2251491,None,174160,74160
610,2251491,None,1171617,171617
610,2251491,None,1141488,141488
610,2251491,None,1160604,160604
610,2251491,None,1204467,204467
610,2251491,None,174161,74161
610,2251491,None,1178925,178925
610,2251491,None,1204480,204480
610,2251491,None,173604,73604
610,2251491,None,1160610,160610
610,2251491,None,174376,74376
610,2251491,None,1204559,204559
611,2251384,None,1178925,178925
612,2252866,None,1160508,160508
612,2252866,None,1204495,204495
612,2252866,None,1204501,204501
612,2252866,None,1204503,204503
612,2252866,None,173433,73433
612,2252866,None,1159237,159237
612,2252866,None,173701,73701
612,2252866,None,1141335,141335
612,2252866,None,1160538,160538
612,2252866,None,1204426,204426
612,2252866,None,1141398,141398
612,2252866,None,1204370,204370
612,2252866,None,1132504,132504
612,2252866,None,1160575,160575
612,2252866,None,1204393,204393
612,2252866,None,1107283,107283
612,2252866,None,1178873,178873
612,2252866,None,173482,73482
612,2252866,None,1178970,178970
612,2252866,None,1178857,178857
612,2252866,None,1141470,141470
612,2252866,None,1204555,204555
612,2252866,None,1209189,209189
612,2252866,None,174156,74156
612,2252866,None,1178866,178866
612,2252866,None,1160535,160535
612,2252866,None,1171619,171619
612,2252866,None,174398,74398
612,2252866,None,1204428,204428
612,2252866,None,1204453,204453
612,2252866,None,1178986,178986
612,2252866,None,174159,74159
612,2252866,None,1160556,160556
612,2252866,None,174160,74160
612,2252866,None,1171617,171617
612,2252866,None,1204492,204492
612,2252866,None,174400,74400
612,2252866,None,1141488,141488
612,2252866,None,1160604,160604
612,2252866,None,1204467,204467
612,2252866,None,174161,74161
612,2252866,None,1178925,178925
612,2252866,None,1204480,204480
612,2252866,None,174371,74371
612,2252866,None,173604,73604
612,2252866,None,1160610,160610
612,2252866,None,174376,74376
612,2252866,None,174283,74283
612,2252866,None,1160569,160569
612,2252866,None,1178889,178889
612,2252866,None,1204559,204559
612,2252866,None,1160592,160592
613,2252857,None,1204415,204415
614,2253001,None,174057,74057
614,2253001,None,173696,73696
614,2253001,None,1207176,207176
614,2253001,None,1164360,164360
614,2253001,None,181297,81297
614,2253001,None,1178994,178994
614,2253001,None,1204407,204407
614,2253001,None,174784,74784
614,2253001,None,1178956,178956
614,2253001,None,166179,66179
614,2253001,None,1205535,205535
614,2253001,None,1204377,204377
614,2253001,None,1178925,178925
614,2253001,None,1204464,204464
614,2253001,None,1204466,204466
615,2252939,None,1178881,178881
616,2252895,None,1204362,204362
617,2252606,None,1204377,204377
618,2252540,None,174161,74161
619,2253415,None,1160511,160511
619,2253415,None,1204352,204352
619,2253415,None,1204499,204499
619,2253415,None,1204542,204542
619,2253415,None,172442,72442
619,2253415,None,1178842,178842
619,2253415,None,1204405,204405
619,2253415,None,1178931,178931
619,2253415,None,1204558,204558
619,2253415,None,1141508,141508
619,2253415,None,1178951,178951
619,2253415,None,1213274,213274
619,2253415,None,1204525,204525
619,2253415,None,1206231,206231
619,2253415,None,1204483,204483
620,2253431,None,1160541,160541
621,2253432,None,1204423,204423
622,2252589,None,1160632,160632
623,2241921,None,174057,74057
624,2242247,None,1204541,204541
625,2244162,None,1197438,197438
626,None,141945,235,35
627,2254729,None,1178927,178927
628,2253778,None,1133439,133439
628,2253778,None,1204486,204486
629,2254725,141436,24994,4994
630,2254715,None,1204509,204509
630,2254715,None,1205548,205548
630,2254715,None,1134812,134812
630,2254715,None,1204407,204407
630,2254715,None,1152605,152605
630,2254715,None,173531,73531
630,2254715,None,174784,74784
630,2254715,None,176874,76874
630,2254715,None,1204535,204535
631,2254703,None,1204541,204541
632,2254808,None,1204509,204509
632,2254808,None,1205548,205548
632,2254808,None,1134812,134812
632,2254808,None,1204407,204407
632,2254808,None,1152605,152605
632,2254808,None,173531,73531
632,2254808,None,1204468,204468
632,2254808,None,174784,74784
632,2254808,None,176874,76874
632,2254808,None,1204535,204535
633,2254756,None,1204499,204499
634,2254493,None,1178839,178839
635,2254732,None,1133439,133439
636,2253967,None,1204542,204542
636,2253967,None,1139285,139285
637,2254726,None,1204550,204550
638,2253689,None,1204570,204570
639,2253793,None,1160511,160511
639,2253793,None,1178927,178927
639,2253793,None,1204561,204561
639,2253793,None,1204352,204352
639,2253793,None,1160528,160528
639,2253793,None,1204542,204542
639,2253793,None,1161550,161550
639,2253793,None,1178964,178964
639,2253793,None,1139285,139285
639,2253793,None,1141508,141508
639,2253793,None,1178951,178951
639,2253793,None,1204525,204525
639,2253793,None,1206231,206231
639,2253793,None,1204483,204483
640,2254432,None,1160570,160570
641,2253607,None,1160508,160508
641,2253607,None,1204495,204495
641,2253607,None,1204501,204501
641,2253607,None,1204503,204503
641,2253607,None,173433,73433
641,2253607,None,1141335,141335
641,2253607,None,1204426,204426
641,2253607,None,1204370,204370
641,2253607,None,1132504,132504
641,2253607,None,1160575,160575
641,2253607,None,1204393,204393
641,2253607,None,1107283,107283
641,2253607,None,1178964,178964
641,2253607,None,1178970,178970
641,2253607,None,1178857,178857
641,2253607,None,1141464,141464
641,2253607,None,1141470,141470
641,2253607,None,1204555,204555
641,2253607,None,1209189,209189
641,2253607,None,174156,74156
641,2253607,None,1178866,178866
641,2253607,None,1160535,160535
641,2253607,None,1171619,171619
641,2253607,None,174398,74398
641,2253607,None,1204428,204428
641,2253607,None,1204453,204453
641,2253607,None,1178986,178986
641,2253607,None,1160556,160556
641,2253607,None,174160,74160
641,2253607,None,174400,74400
641,2253607,None,1141488,141488
641,2253607,None,1160604,160604
641,2253607,None,1204467,204467
641,2253607,None,174161,74161
641,2253607,None,1178925,178925
641,2253607,None,1204480,204480
641,2253607,None,174371,74371
641,2253607,None,1160610,160610
641,2253607,None,174376,74376
641,2253607,None,174283,74283
641,2253607,None,1204483,204483
641,2253607,None,1160569,160569
641,2253607,None,1178889,178889
641,2253607,None,1204559,204559
642,2253564,None,1141470,141470
643,2253730,None,1204544,204544
644,2254728,None,1133439,133439
644,2254728,None,1141411,141411
645,2255228,None,378,78
646,2253471,None,1160511,160511
646,2253471,None,174057,74057
646,2253471,None,1160528,160528
646,2253471,None,1204542,204542
646,2253471,None,172442,72442
646,2253471,None,1204429,204429
646,2253471,None,1204372,204372
646,2253471,None,173586,73586
646,2253471,None,1139285,139285
646,2253471,None,1141508,141508
646,2253471,None,1160641,160641
646,2253471,None,1204366,204366
646,2253471,None,1178922,178922
646,2253471,None,1206231,206231
647,2255133,None,1204570,204570
648,2255100,None,1160587,160587
649,2254844,None,1204488,204488
650,2254849,None,190201,90201
651,2254889,None,1204565,204565
652,2254880,None,1141405,141405
653,2254811,None,173486,73486
654,2254957,None,1204465,204465
655,2253698,None,1204528,204528
656,2254357,None,1160673,160673
657,2254029,None,1204499,204499
658,2254777,None,1204542,204542
658,2254777,None,1178931,178931
658,2254777,None,1141508,141508
658,2254777,None,1206231,206231
659,2254752,None,1141411,141411
659,2254752,None,1205548,205548
659,2254752,None,1204407,204407
659,2254752,None,1204535,204535
660,2254222,None,1204544,204544
661,2254446,None,1204556,204556
662,None,141368,25523,5523
663,2255441,None,1204377,204377
664,2250315,None,1204481,204481
665,2255391,None,174161,74161
666,2254991,None,1204425,204425
667,2254556,None,1108338,108338
668,2254462,None,1154178,154178
669,2242821,None,1204528,204528
669,2242821,None,1204516,204516
669,2242821,None,1164360,164360
669,2242821,None,1204376,204376
669,2242821,None,1204412,204412
669,2242821,None,181297,81297
669,2242821,None,1204421,204421
669,2242821,None,1204371,204371
669,2242821,None,1204484,204484
669,2242821,None,1204536,204536
669,2242821,None,1204523,204523
669,2242821,None,1204404,204404
669,2242821,None,1156190,156190
669,2242821,None,1204433,204433
669,2242821,None,1178956,178956
669,2242821,None,1205535,205535
669,2242821,None,1204377,204377
669,2242821,None,1204461,204461
669,2242821,None,1204366,204366
669,2242821,None,1204534,204534
669,2242821,None,1204519,204519
669,2242821,None,1204532,204532
670,2253481,None,1204481,204481
671,2255199,None,1204504,204504
672,2254259,None,1204518,204518
672,2254259,None,181297,81297
672,2254259,None,1178857,178857
672,2254259,None,1204406,204406
672,2254259,None,190842,90842
673,2255053,None,1160511,160511
673,2255053,None,174057,74057
673,2255053,None,174060,74060
673,2255053,None,174848,74848
673,2255053,None,181055,81055
673,2255053,None,1178987,178987
673,2255053,None,173943,73943
673,2255053,None,1160641,160641
673,2255053,None,173801,73801
674,2254252,None,1146788,146788
675,2253626,None,1151208,151208
676,2253608,None,1160508,160508
676,2253608,None,1204495,204495
676,2253608,None,1204501,204501
676,2253608,None,1204503,204503
676,2253608,None,174057,74057
676,2253608,None,173433,73433
676,2253608,None,1159237,159237
676,2253608,None,173701,73701
676,2253608,None,1141335,141335
676,2253608,None,1204561,204561
676,2253608,None,1160538,160538
676,2253608,None,1204352,204352
676,2253608,None,1204426,204426
676,2253608,None,1141398,141398
676,2253608,None,1204370,204370
676,2253608,None,1141439,141439
676,2253608,None,1141411,141411
676,2253608,None,1178994,178994
676,2253608,None,1134812,134812
676,2253608,None,1132504,132504
676,2253608,None,1160575,160575
676,2253608,None,1160598,160598
676,2253608,None,1204393,204393
676,2253608,None,1107283,107283
676,2253608,None,1178873,178873
676,2253608,None,173482,73482
676,2253608,None,173531,73531
676,2253608,None,1204435,204435
676,2253608,None,1178970,178970
676,2253608,None,1204429,204429
676,2253608,None,1178857,178857
676,2253608,None,1141464,141464
676,2253608,None,1141470,141470
676,2253608,None,1204555,204555
676,2253608,None,1209189,209189
676,2253608,None,1204375,204375
676,2253608,None,174156,74156
676,2253608,None,174784,74784
676,2253608,None,1178866,178866
676,2253608,None,1160535,160535
676,2253608,None,1171619,171619
676,2253608,None,174398,74398
676,2253608,None,1204428,204428
676,2253608,None,1178986,178986
676,2253608,None,174159,74159
676,2253608,None,1160556,160556
676,2253608,None,174160,74160
676,2253608,None,1171617,171617
676,2253608,None,1204492,204492
676,2253608,None,174400,74400
676,2253608,None,1141488,141488
676,2253608,None,1160604,160604
676,2253608,None,173943,73943
676,2253608,None,173486,73486
676,2253608,None,1204383,204383
676,2253608,None,1160639,160639
676,2253608,None,1204467,204467
676,2253608,None,174161,74161
676,2253608,None,1178925,178925
676,2253608,None,173801,73801
676,2253608,None,1204530,204530
676,2253608,None,1204480,204480
676,2253608,None,174371,74371
676,2253608,None,173604,73604
676,2253608,None,1204360,204360
676,2253608,None,1204466,204466
676,2253608,None,1157130,157130
676,2253608,None,1160610,160610
676,2253608,None,174376,74376
676,2253608,None,174283,74283
676,2253608,None,1160569,160569
676,2253608,None,1178889,178889
676,2253608,None,1204559,204559
676,2253608,None,1160592,160592
677,2253947,None,1164360,164360
677,2253947,None,1204459,204459
677,2253947,None,1178994,178994
677,2253947,None,166179,66179
677,2253947,None,173486,73486
677,2253947,None,1204466,204466
678,2249918,None,1178925,178925
679,2254870,None,1141421,141421
680,2253617,None,1204541,204541
681,2253575,None,1204378,204378
682,2252093,None,1178962,178962
683,2249922,None,1204511,204511
683,2249922,None,1204540,204540
683,2249922,None,1178945,178945
684,2252169,None,1207176,207176
684,2252169,None,1204471,204471
685,2252661,None,1160666,160666
686,2244905,None,1178964,178964
687,2196586,142395,1204430,204430
688,None,142078,24770,4770
689,None,142075,21173,1173
690,None,141969,24770,4770
691,None,141797,25537,5537
692,2052490,None,378,78
693,2250604,None,1141488,141488
694,2251066,None,1141434,141434
695,2250384,None,1178884,178884
696,2250300,None,1204431,204431
697,2183264,None,174043,74043
698,2129819,None,378,78
699,2252167,None,1207176,207176
699,2252167,None,1204471,204471
699,2252167,None,1204357,204357
700,2252785,None,1204531,204531
701,2255211,None,1204359,204359
702,2242565,None,1204429,204429
703,2242160,None,1204354,204354
704,2254698,142361,31,1
705,None,142360,31,1
706,2255588,142594,31,1
707,2253945,142153,31,1
708,None,142131,31,1
709,2254253,142263,31,1
710,None,142171,31,1
711,2254694,142359,31,1
712,2255096,142490,31,1
713,None,142499,31,1
714,2255363,142535,31,1
715,2253691,142119,31,1
716,2253827,142128,31,1
718,None,141346,31,1
719,2253316,None,1204469,204469
720,2255045,None,1204381,204381
721,2214197,None,1204393,204393
721,2214197,None,1204492,204492
722,2247967,None,1205535,205535
723,2252018,None,1160552,160552
724,2242663,None,1204499,204499
725,2250939,None,1204359,204359
726,2251583,None,1204528,204528
727,2242198,None,1204386,204386
728,2249875,None,1141421,141421
729,2244957,None,1204501,204501
730,2251918,None,1160511,160511
730,2251918,None,1204561,204561
730,2251918,None,1204499,204499
730,2251918,None,1160528,160528
730,2251918,None,1204542,204542
730,2251918,None,1204389,204389
730,2251918,None,1204429,204429
730,2251918,None,173586,73586
730,2251918,None,1139285,139285
730,2251918,None,1204558,204558
730,2251918,None,1141508,141508
730,2251918,None,1204525,204525
730,2251918,None,1206231,206231
730,2251918,None,1204483,204483
731,2251888,None,1178925,178925
732,2239365,None,1178873,178873
733,2242728,None,1178970,178970
733,2242728,None,1171619,171619
733,2242728,None,1160610,160610
734,2242817,None,1160535,160535
735,2250452,None,1107283,107283
735,2250452,None,1178970,178970
735,2250452,None,174160,74160
735,2250452,None,1160610,160610
735,2250452,None,1160569,160569
735,2250452,None,1160592,160592
736,2251091,None,1204370,204370
737,2253787,None,1204572,204572
738,2254202,None,174158,74158
739,2241800,None,1178925,178925
740,2253615,None,174057,74057
740,2253615,None,174848,74848
740,2253615,None,173943,73943
741,2253059,None,1204381,204381
742,2217561,None,1204509,204509
742,2217561,None,1160575,160575
742,2217561,None,1204468,204468
742,2217561,None,1178986,178986
742,2217561,None,1204464,204464
742,2217561,None,1160610,160610
743,2241665,None,1141470,141470
744,2230638,None,31,1
745,2222285,None,1204516,204516
746,2250582,None,1178925,178925
747,2254011,None,174057,74057
747,2254011,None,1204509,204509
747,2254011,None,173701,73701
747,2254011,None,1160575,160575
747,2254011,None,1204407,204407
747,2254011,None,1107283,107283
747,2254011,None,174848,74848
747,2254011,None,1204468,204468
747,2254011,None,1139285,139285
747,2254011,None,174784,74784
747,2254011,None,1178866,178866
747,2254011,None,1171619,171619
747,2254011,None,174398,74398
747,2254011,None,1204428,204428
747,2254011,None,1204453,204453
747,2254011,None,173943,73943
747,2254011,None,1160639,160639
747,2254011,None,1204467,204467
747,2254011,None,1178925,178925
747,2254011,None,1204357,204357
747,2254011,None,1204535,204535
747,2254011,None,1204466,204466
748,2242713,None,1204371,204371
748,2242713,None,1204534,204534
749,None,141372,25982,5982
750,2256735,141944,25982,5982
751,2242292,141309,31,1
752,2242290,141308,31,1
753,2238112,140850,31,1
754,2255923,None,1204561,204561
754,2255923,None,174161,74161
755,2250597,None,1178985,178985
756,2255951,None,181297,81297
757,2255967,None,1213274,213274
758,2256101,None,174848,74848
758,2256101,None,173943,73943
758,2256101,None,173801,73801
759,2256127,None,1141464,141464
760,2255903,None,1204542,204542
761,2254980,None,1164360,164360
761,2254980,None,173466,73466
762,2080470,None,378,78
763,2253977,None,1204426,204426
764,2253319,None,1162332,162332
765,2251826,None,1204556,204556
765,2251826,None,1178987,178987
765,2251826,None,1157130,157130
766,2252035,None,1205548,205548
766,2252035,None,1134812,134812
766,2252035,None,1204407,204407
766,2252035,None,1152605,152605
766,2252035,None,173531,73531
766,2252035,None,174784,74784
766,2252035,None,176874,76874
766,2252035,None,1204535,204535
766,2252035,None,1204464,204464
767,2252295,None,1204450,204450
767,2252295,None,1204412,204412
767,2252295,None,181297,81297
767,2252295,None,1204484,204484
767,2252295,None,1178956,178956
768,None,141840,25976,5976
769,2256251,None,1204525,204525
770,None,143003,31,1
771,None,143101,31,1
772,None,143156,31,1
773,None,143157,31,1
774,2252017,None,1160511,160511
774,2252017,None,1178927,178927
774,2252017,None,1204561,204561
774,2252017,None,1204542,204542
774,2252017,None,1139285,139285
774,2252017,None,1204405,204405
774,2252017,None,1204558,204558
774,2252017,None,1141508,141508
774,2252017,None,1204525,204525
774,2252017,None,1204483,204483
775,2253420,None,1160553,160553
775,2253420,None,1164360,164360
775,2253420,None,1204450,204450
776,586417,None,1141454,141454
776,586417,None,174016,74016
776,586417,None,1160514,160514
776,586417,None,1171621,171621
776,586417,None,173940,73940
776,586417,None,174847,74847
776,586417,None,173682,73682
776,586417,None,1141482,141482
776,586417,None,1160540,160540
776,586417,None,1160642,160642
776,586417,None,1160601,160601
776,586417,None,1160586,160586
776,586417,None,173933,73933
777,2196991,None,1204503,204503
777,2196991,None,1178857,178857
778,2227809,None,1141421,141421
779,2254481,None,1204353,204353
779,2254481,None,1164360,164360
779,2254481,None,1204459,204459
779,2254481,None,181297,81297
779,2254481,None,1178994,178994
779,2254481,None,1198197,198197
779,2254481,None,1178832,178832
779,2254481,None,1204430,204430
779,2254481,None,1204383,204383
779,2254481,None,1178946,178946
779,2254481,None,1204466,204466
779,2254481,None,1178934,178934
780,2255966,None,1213274,213274
781,1212519,None,169871,69871
781,1212519,None,1118594,118594
782,2255608,None,378,78
783,2166595,None,378,78
784,2241662,141145,31,1
785,2241642,None,31,1
786,2256399,None,1162332,162332
787,2256976,None,1204359,204359
788,2254529,None,1178861,178861
789,2254964,None,1204357,204357
790,2252031,None,1160570,160570
791,2251880,None,1204503,204503
791,2251880,None,1204412,204412
791,2251880,None,174848,74848
791,2251880,None,1204366,204366
792,2253359,None,1160553,160553
793,2256400,None,1204466,204466
794,2256848,None,1204527,204527
795,2255626,None,1204573,204573
795,2255626,None,1204366,204366
796,2250827,None,1160553,160553
796,2250827,None,1204572,204572
796,2250827,None,1164360,164360
796,2250827,None,1204376,204376
796,2250827,None,1204518,204518
796,2250827,None,1204412,204412
796,2250827,None,181297,81297
796,2250827,None,1178994,178994
796,2250827,None,174655,74655
796,2250827,None,1204500,204500
796,2250827,None,1207309,207309
796,2250827,None,1160598,160598
796,2250827,None,1204392,204392
796,2250827,None,1178839,178839
796,2250827,None,1204386,204386
796,2250827,None,1204471,204471
796,2250827,None,166179,66179
796,2250827,None,1204406,204406
796,2250827,None,1204366,204366
796,2250827,None,1160651,160651
796,2250827,None,1141555,141555
796,2250827,None,1204517,204517
797,2148338,None,169871,69871
798,2256906,None,1204538,204538
799,301799,None,378,78
800,None,53205,281,81
801,1234065,None,173655,73655
802,None,117166,24527,4527
803,530527,None,1160655,160655
804,545304,None,174848,74848
805,556910,None,173653,73653
806,619117,None,1141421,141421
807,2083042,None,1178993,178993
808,None,92056,24525,4525
809,None,125232,25100,5100
810,354998,None,173584,73584
810,354998,None,173778,73778
811,None,129301,25531,5531
812,2210926,None,1204517,204517
813,110587,None,174399,74399
814,496224,None,1141450,141450
815,597866,None,1160578,160578
816,493350,None,1141400,141400
817,615505,None,1160598,160598
818,None,121420,2825,825
819,2248052,None,1141411,141411
820,2247348,None,1204496,204496
821,2249924,None,1178970,178970
822,2252069,None,1160575,160575
822,2252069,None,1178970,178970
822,2252069,None,1178857,178857
822,2252069,None,1204555,204555
822,2252069,None,1209189,209189
822,2252069,None,174398,74398
822,2252069,None,1160556,160556
822,2252069,None,1204467,204467
822,2252069,None,1204480,204480
823,None,141223,25718,5718
824,None,137929,25502,5502
825,2244212,None,1204359,204359
826,None,141181,25236,5236
827,2242262,None,1178925,178925
828,2242213,None,1160535,160535
829,2241837,None,1159237,159237
830,2241905,None,1178873,178873
831,2242866,None,1204381,204381
832,2229708,None,378,78
833,1701673,None,1141515,141515
833,1701673,None,1178992,178992
834,1301207,None,1160666,160666
835,2111711,None,174158,74158
836,307272,None,174786,74786
837,None,122096,317,17
838,2187737,None,1178993,178993
839,2182926,None,378,78
840,None,131420,290,90
841,2183769,None,1178975,178975
842,2150035,None,1178963,178963
843,2179960,None,1148134,148134
844,None,141628,25376,5376
845,None,121877,25540,5540
846,491388,None,1141401,141401
847,565008,None,173466,73466
848,None,91380,2945,945
849,643979,None,174171,74171
849,643979,None,173531,73531
849,643979,None,1160672,160672
850,622278,None,1141375,141375
850,622278,None,174655,74655
850,622278,None,1160575,160575
850,622278,None,1160537,160537
850,622278,None,173682,73682
850,622278,None,1141488,141488
850,622278,None,174216,74216
851,509120,None,1160640,160640
852,2140877,None,1160640,160640
853,375953,None,174366,74366
854,559138,131528,1160538,160538
854,559138,131528,1141386,141386
854,559138,131528,174037,74037
854,559138,131528,174784,74784
854,559138,131528,1160644,160644
854,559138,131528,1160556,160556
854,559138,131528,174047,74047
854,559138,131528,1141488,141488
855,None,141737,25376,5376
856,944277,None,1178852,178852
857,2242159,None,1204386,204386
858,2204438,None,1204405,204405
859,None,138338,25666,5666
860,2173685,None,1178946,178946
861,None,136156,25523,5523
862,None,138869,2345,345
863,None,136767,21173,1173
863,None,136767,25982,5982
863,None,136767,25967,5967
863,None,136767,25529,5529
863,None,136767,24994,4994
863,None,136767,25531,5531
863,None,136767,222,22
863,None,136767,2345,345
863,None,136767,25385,5385
863,None,136767,24770,4770
863,None,136767,25895,5895
863,None,136767,25350,5350
863,None,136767,25929,5929
863,None,136767,21249,1249
863,None,136767,25533,5533
863,None,136767,25979,5979
863,None,136767,2742,742
863,None,136767,25422,5422
863,None,136767,25942,5942
863,None,136767,25985,5985
863,None,136767,25924,5924
863,None,136767,25523,5523
863,None,136767,2825,825
863,None,136767,2374,374
863,None,136767,25561,5561
863,None,136767,25959,5959
863,None,136767,23396,3396
863,None,136767,25411,5411
863,None,136767,25783,5783
863,None,136767,23806,3806
864,None,137699,23830,3830
864,None,137699,24981,4981
864,None,137699,25982,5982
864,None,137699,2945,945
864,None,137699,25529,5529
864,None,137699,2751,751
864,None,137699,25990,5990
864,None,137699,2470,470
864,None,137699,2475,475
864,None,137699,25537,5537
864,None,137699,24994,4994
864,None,137699,25976,5976
864,None,137699,23777,3777
864,None,137699,25718,5718
864,None,137699,25531,5531
864,None,137699,222,22
864,None,137699,25953,5953
864,None,137699,2345,345
864,None,137699,25894,5894
864,None,137699,25385,5385
864,None,137699,24770,4770
864,None,137699,2581,581
864,None,137699,24545,4545
864,None,137699,24531,4531
864,None,137699,25895,5895
864,None,137699,25350,5350
864,None,137699,25929,5929
864,None,137699,21249,1249
864,None,137699,25533,5533
864,None,137699,25979,5979
864,None,137699,25926,5926
864,None,137699,21186,1186
864,None,137699,25585,5585
864,None,137699,25557,5557
864,None,137699,25666,5666
864,None,137699,2742,742
864,None,137699,2285,285
864,None,137699,25422,5422
864,None,137699,25942,5942
864,None,137699,21023,1023
864,None,137699,26027,6027
864,None,137699,25985,5985
864,None,137699,25924,5924
864,None,137699,2825,825
864,None,137699,2374,374
864,None,137699,25502,5502
864,None,137699,25012,5012
864,None,137699,25561,5561
864,None,137699,2677,677
864,None,137699,25905,5905
864,None,137699,25732,5732
864,None,137699,25352,5352
864,None,137699,25322,5322
864,None,137699,22331,2331
864,None,137699,25527,5527
864,None,137699,25988,5988
864,None,137699,25959,5959
864,None,137699,23396,3396
864,None,137699,25535,5535
864,None,137699,25899,5899
864,None,137699,25748,5748
864,None,137699,21173,1173
864,None,137699,25411,5411
864,None,137699,25783,5783
864,None,137699,23806,3806
864,None,137699,25967,5967
864,None,137699,25627,5627
