id_leggo,id_ext,casa,interesse,date,trends_max_pressao_principal,trends_max_pressao_rel,trends_max_popularity,twitter_mean_popularity,popularity
1,138555,senado,primeira-infancia,2019-12-16,0,0,0,0,0
1,138555,senado,primeira-infancia,2019-12-23,0,0,0,0,0
1,138555,senado,primeira-infancia,2019-12-30,100,0,1,0,0.5
1,138555,senado,primeira-infancia,2020-01-06,0,0,0,0,0
1,138555,senado,primeira-infancia,2020-01-13,83,0,0.83,0,0.415
1,138555,senado,primeira-infancia,2020-01-20,80,0,0.8,0,0.4
1,138555,senado,primeira-infancia,2020-01-27,0,0,0,0,0
1,138555,senado,primeira-infancia,2020-02-03,79,0,0.79,0,0.395
1,138555,senado,primeira-infancia,2020-02-10,77,0,0.77,0,0.385
1,138555,senado,primeira-infancia,2020-02-17,73,0,0.73,0,0.365
1,138555,senado,primeira-infancia,2020-02-24,72,0,0.72,0,0.36
1,138555,senado,primeira-infancia,2020-03-02,71,0,0.71,0,0.355
1,138555,senado,primeira-infancia,2020-03-09,0,0,0,0,0
1,138555,senado,primeira-infancia,2020-03-16,0,0,0,0,0
1,138555,senado,primeira-infancia,2020-03-23,0,0,0,0,0
1,138555,senado,primeira-infancia,2020-03-30,0,0,0,0,0
1,138555,senado,primeira-infancia,2020-04-06,0,0,0,0,0
1,138555,senado,primeira-infancia,2020-04-13,0,0,0,0,0
1,138555,senado,primeira-infancia,2020-04-20,0,0,0,0,0
1,138555,senado,primeira-infancia,2020-04-27,66,0,0.66,0,0.33
1,138555,senado,primeira-infancia,2020-05-04,0,0,0,0,0
1,138555,senado,primeira-infancia,2020-05-11,0,0,0,0,0
1,138555,senado,primeira-infancia,2020-05-18,0,0,0,0,0
1,138555,senado,primeira-infancia,2020-05-25,0,0,0,0,0
1,138555,senado,primeira-infancia,2020-06-01,0,0,0,0,0
1,138555,senado,primeira-infancia,2020-06-08,0,0,0,0,0
100,137999,senado,leggo,2019-12-16,1,8,0.08,0,0.04
100,137999,senado,leggo,2019-12-23,1,9,0.09,0,0.045
100,137999,senado,leggo,2019-12-30,2,14,0.14,0,0.07
100,137999,senado,leggo,2020-01-06,2,14,0.14,0,0.07
100,137999,senado,leggo,2020-01-13,2,17,0.17,0,0.085
100,137999,senado,leggo,2020-01-20,2,16,0.16,0,0.08
100,137999,senado,leggo,2020-01-27,1,15,0.15,0,0.075
100,137999,senado,leggo,2020-02-03,2,14,0.14,0,0.07
100,137999,senado,leggo,2020-02-10,2,15,0.15,0,0.075
100,137999,senado,leggo,2020-02-17,1,15,0.15,0,0.075
100,137999,senado,leggo,2020-02-24,2,22,0.22,0,0.11
100,137999,senado,leggo,2020-03-02,3,28,0.28,0,0.14
100,137999,senado,leggo,2020-03-09,2,17,0.17,0,0.085
100,137999,senado,leggo,2020-03-16,1,100,1,0,0.5
100,137999,senado,leggo,2020-03-23,1,18,0.18,0,0.09
100,137999,senado,leggo,2020-03-30,1,17,0.17,0,0.085
100,137999,senado,leggo,2020-04-06,1,17,0.17,0,0.085
100,137999,senado,leggo,2020-04-13,1,17,0.17,0,0.085
100,137999,senado,leggo,2020-04-20,2,25,0.25,0,0.125
100,137999,senado,leggo,2020-04-27,1,13,0.13,0,0.065
100,137999,senado,leggo,2020-05-04,1,16,0.16,0,0.08
100,137999,senado,leggo,2020-05-11,1,14,0.14,0,0.07
100,137999,senado,leggo,2020-05-18,1,13,0.13,0,0.065
100,137999,senado,leggo,2020-05-25,1,10,0.1,0,0.05
100,137999,senado,leggo,2020-06-01,1,13,0.13,0,0.065
100,137999,senado,leggo,2020-06-08,1,14,0.14,0,0.07
105,131906,senado,leggo,2019-12-16,0,63,0.63,0,0.315
105,131906,senado,leggo,2019-12-23,0,68,0.68,0,0.34
105,131906,senado,leggo,2019-12-30,0,71,0.71,0,0.355
105,131906,senado,leggo,2020-01-06,0,73,0.73,0,0.365
105,131906,senado,leggo,2020-01-13,0,75,0.75,0,0.375
105,131906,senado,leggo,2020-01-20,0,72,0.72,0,0.36
105,131906,senado,leggo,2020-01-27,0,70,0.7,0,0.35
105,131906,senado,leggo,2020-02-03,0,68,0.68,0,0.34
105,131906,senado,leggo,2020-02-10,0,71,0.71,0,0.355
105,131906,senado,leggo,2020-02-17,0,66,0.66,0,0.33
105,131906,senado,leggo,2020-02-24,0,65,0.65,0,0.325
105,131906,senado,leggo,2020-03-02,0,64,0.64,0,0.32
105,131906,senado,leggo,2020-03-09,0,64,0.64,0,0.32
105,131906,senado,leggo,2020-03-16,0,70,0.7,0,0.35
105,131906,senado,leggo,2020-03-23,0,62,0.62,0,0.31
105,131906,senado,leggo,2020-03-30,0,68,0.68,0,0.34
105,131906,senado,leggo,2020-04-06,0,74,0.74,0,0.37
105,131906,senado,leggo,2020-04-13,0,78,0.78,0,0.39
105,131906,senado,leggo,2020-04-20,0,82,0.82,0,0.41
105,131906,senado,leggo,2020-04-27,0,84,0.84,0,0.42
105,131906,senado,leggo,2020-05-04,0,89,0.89,0,0.445
105,131906,senado,leggo,2020-05-11,0,95,0.95,0,0.475
105,131906,senado,leggo,2020-05-18,0,98,0.98,0,0.49
105,131906,senado,leggo,2020-05-25,0,98,0.98,0,0.49
105,131906,senado,leggo,2020-06-01,0,100,1,0,0.5
105,131906,senado,leggo,2020-06-08,0,97,0.97,0,0.485
113,136173,senado,leggo,2019-12-16,0,0,0,0,0
113,136173,senado,leggo,2019-12-23,0,0,0,0,0
113,136173,senado,leggo,2019-12-30,0,0,0,0,0
113,136173,senado,leggo,2020-01-06,0,0,0,0,0
113,136173,senado,leggo,2020-01-13,0,0,0,0,0
113,136173,senado,leggo,2020-01-20,0,0,0,0,0
113,136173,senado,leggo,2020-01-27,0,0,0,0,0
113,136173,senado,leggo,2020-02-03,0,0,0,0,0
113,136173,senado,leggo,2020-02-10,0,0,0,0,0
113,136173,senado,leggo,2020-02-17,0,0,0,0,0
113,136173,senado,leggo,2020-02-24,0,0,0,0,0
113,136173,senado,leggo,2020-03-02,0,0,0,0,0
113,136173,senado,leggo,2020-03-09,0,0,0,0,0
113,136173,senado,leggo,2020-03-16,0,0,0,0,0
113,136173,senado,leggo,2020-03-23,0,0,0,0,0
113,136173,senado,leggo,2020-03-30,100,0,1,0,0.5
113,136173,senado,leggo,2020-04-06,0,0,0,0,0
113,136173,senado,leggo,2020-04-13,0,0,0,0,0
113,136173,senado,leggo,2020-04-20,0,0,0,0,0
113,136173,senado,leggo,2020-04-27,0,0,0,0,0
113,136173,senado,leggo,2020-05-04,0,0,0,0,0
113,136173,senado,leggo,2020-05-11,0,0,0,0,0
113,136173,senado,leggo,2020-05-18,0,0,0,0,0
113,136173,senado,leggo,2020-05-25,0,0,0,0,0
113,136173,senado,leggo,2020-06-01,0,0,0,0,0
113,136173,senado,leggo,2020-06-08,0,0,0,0,0
116,135062,senado,leggo,2019-12-16,0,0,0,0,0
116,135062,senado,leggo,2019-12-23,0,0,0,0,0
116,135062,senado,leggo,2019-12-30,94,0,0.94,0,0.47
116,135062,senado,leggo,2020-01-06,95,0,0.95,0,0.475
116,135062,senado,leggo,2020-01-13,94,0,0.94,0,0.47
116,135062,senado,leggo,2020-01-20,0,0,0,0,0
116,135062,senado,leggo,2020-01-27,0,0,0,0,0
116,135062,senado,leggo,2020-02-03,0,0,0,0,0
116,135062,senado,leggo,2020-02-10,0,0,0,0,0
116,135062,senado,leggo,2020-02-17,0,0,0,0,0
116,135062,senado,leggo,2020-02-24,0,0,0,0,0
116,135062,senado,leggo,2020-03-02,89,0,0.89,0,0.445
116,135062,senado,leggo,2020-03-09,0,0,0,0,0
116,135062,senado,leggo,2020-03-16,0,0,0,0,0
116,135062,senado,leggo,2020-03-23,0,0,0,0,0
116,135062,senado,leggo,2020-03-30,100,0,1,0,0.5
116,135062,senado,leggo,2020-04-06,0,0,0,0,0
116,135062,senado,leggo,2020-04-13,76,0,0.76,0,0.38
116,135062,senado,leggo,2020-04-20,0,0,0,0,0
116,135062,senado,leggo,2020-04-27,75,0,0.75,0,0.375
116,135062,senado,leggo,2020-05-04,0,0,0,0,0
116,135062,senado,leggo,2020-05-11,78,0,0.78,0,0.39
116,135062,senado,leggo,2020-05-18,75,0,0.75,0,0.375
116,135062,senado,leggo,2020-05-25,96,0,0.96,0,0.48
116,135062,senado,leggo,2020-06-01,0,0,0,0,0
116,135062,senado,leggo,2020-06-08,0,0,0,0,0
121,136531,senado,leggo,2019-12-16,64,29,0.64,0,0.32
121,136531,senado,leggo,2019-12-23,52,34,0.52,0,0.26
121,136531,senado,leggo,2019-12-30,65,32,0.65,0,0.325
121,136531,senado,leggo,2020-01-06,91,83,0.91,0,0.455
121,136531,senado,leggo,2020-01-13,63,53,0.63,0,0.315
121,136531,senado,leggo,2020-01-20,63,63,0.63,0,0.315
121,136531,senado,leggo,2020-01-27,94,81,0.94,0,0.47
121,136531,senado,leggo,2020-02-03,91,56,0.91,0,0.455
121,136531,senado,leggo,2020-02-10,75,74,0.75,0,0.375
121,136531,senado,leggo,2020-02-17,74,87,0.87,0,0.435
121,136531,senado,leggo,2020-02-24,86,86,0.86,0,0.43
121,136531,senado,leggo,2020-03-02,59,47,0.59,0,0.295
121,136531,senado,leggo,2020-03-09,86,65,0.86,0,0.43
121,136531,senado,leggo,2020-03-16,54,45,0.54,0,0.27
121,136531,senado,leggo,2020-03-23,53,42,0.53,0,0.265
121,136531,senado,leggo,2020-03-30,56,42,0.56,0,0.28
121,136531,senado,leggo,2020-04-06,54,41,0.54,0,0.27
121,136531,senado,leggo,2020-04-13,62,40,0.62,0,0.31
121,136531,senado,leggo,2020-04-20,60,40,0.6,0,0.3
121,136531,senado,leggo,2020-04-27,53,41,0.53,0,0.265
121,136531,senado,leggo,2020-05-04,57,41,0.57,0,0.285
121,136531,senado,leggo,2020-05-11,80,100,1,0,0.5
121,136531,senado,leggo,2020-05-18,67,52,0.67,0,0.335
121,136531,senado,leggo,2020-05-25,65,65,0.65,0,0.325
121,136531,senado,leggo,2020-06-01,55,46,0.55,0,0.275
121,136531,senado,leggo,2020-06-08,66,40,0.66,0,0.33
122,126049,senado,leggo,2019-12-16,0,0,0,0,0
122,126049,senado,leggo,2019-12-23,0,0,0,0,0
122,126049,senado,leggo,2019-12-30,0,0,0,0,0
122,126049,senado,leggo,2020-01-06,0,0,0,0,0
122,126049,senado,leggo,2020-01-13,0,0,0,0,0
122,126049,senado,leggo,2020-01-20,0,0,0,0,0
122,126049,senado,leggo,2020-01-27,0,0,0,0,0
122,126049,senado,leggo,2020-02-03,0,0,0,0,0
122,126049,senado,leggo,2020-02-10,0,0,0,0,0
122,126049,senado,leggo,2020-02-17,100,0,1,0,0.5
122,126049,senado,leggo,2020-02-24,0,0,0,0,0
122,126049,senado,leggo,2020-03-02,66,0,0.66,0,0.33
122,126049,senado,leggo,2020-03-09,0,0,0,0,0
122,126049,senado,leggo,2020-03-16,0,0,0,0,0
122,126049,senado,leggo,2020-03-23,0,0,0,0,0
122,126049,senado,leggo,2020-03-30,0,0,0,0,0
122,126049,senado,leggo,2020-04-06,0,0,0,0,0
122,126049,senado,leggo,2020-04-13,0,0,0,0,0
122,126049,senado,leggo,2020-04-20,0,0,0,0,0
122,126049,senado,leggo,2020-04-27,61,0,0.61,0,0.305
122,126049,senado,leggo,2020-05-04,0,0,0,0,0
122,126049,senado,leggo,2020-05-11,0,0,0,0,0
122,126049,senado,leggo,2020-05-18,0,0,0,0,0
122,126049,senado,leggo,2020-05-25,0,0,0,0,0
122,126049,senado,leggo,2020-06-01,0,0,0,0,0
122,126049,senado,leggo,2020-06-08,0,0,0,0,0
125,2196833,camara,congresso-remoto,2019-12-16,43,0,0.43,0,0.215
125,2196833,camara,congresso-remoto,2019-12-23,49,0,0.49,0,0.245
125,2196833,camara,congresso-remoto,2019-12-30,47,0,0.47,0,0.235
125,2196833,camara,congresso-remoto,2020-01-06,39,0,0.39,0,0.195
125,2196833,camara,congresso-remoto,2020-01-13,58,0,0.58,0,0.29
125,2196833,camara,congresso-remoto,2020-01-20,57,0,0.57,0,0.285
125,2196833,camara,congresso-remoto,2020-01-27,56,0,0.56,0,0.28
125,2196833,camara,congresso-remoto,2020-02-03,71,0,0.71,0,0.355
125,2196833,camara,congresso-remoto,2020-02-10,73,0,0.73,0,0.365
125,2196833,camara,congresso-remoto,2020-02-17,65,0,0.65,0,0.325
125,2196833,camara,congresso-remoto,2020-02-24,68,0,0.68,0,0.34
125,2196833,camara,congresso-remoto,2020-03-02,100,0,1,0,0.5
125,2196833,camara,congresso-remoto,2020-03-09,51,0,0.51,0,0.255
125,2196833,camara,congresso-remoto,2020-03-16,62,0,0.62,0,0.31
125,2196833,camara,congresso-remoto,2020-03-23,40,0,0.4,0,0.2
125,2196833,camara,congresso-remoto,2020-03-30,46,0,0.46,0,0.23
125,2196833,camara,congresso-remoto,2020-04-06,31,0,0.31,0,0.155
125,2196833,camara,congresso-remoto,2020-04-13,30,0,0.3,0,0.15
125,2196833,camara,congresso-remoto,2020-04-20,95,0,0.95,0,0.475
125,2196833,camara,congresso-remoto,2020-04-27,29,0,0.29,0,0.145
125,2196833,camara,congresso-remoto,2020-05-04,36,0,0.36,0,0.18
125,2196833,camara,congresso-remoto,2020-05-11,31,0,0.31,0,0.155
125,2196833,camara,congresso-remoto,2020-05-18,47,0,0.47,0,0.235
125,2196833,camara,congresso-remoto,2020-05-25,71,0,0.71,0,0.355
125,2196833,camara,congresso-remoto,2020-06-01,47,0,0.47,0,0.235
125,2196833,camara,congresso-remoto,2020-06-08,54,0,0.54,0,0.27
125,2196833,camara,leggo,2019-12-16,43,0,0.43,0,0.215
125,2196833,camara,leggo,2019-12-23,49,0,0.49,0,0.245
125,2196833,camara,leggo,2019-12-30,47,0,0.47,0,0.235
125,2196833,camara,leggo,2020-01-06,39,0,0.39,0,0.195
125,2196833,camara,leggo,2020-01-13,58,0,0.58,0,0.29
125,2196833,camara,leggo,2020-01-20,57,0,0.57,0,0.285
125,2196833,camara,leggo,2020-01-27,56,0,0.56,0,0.28
125,2196833,camara,leggo,2020-02-03,71,0,0.71,0,0.355
125,2196833,camara,leggo,2020-02-10,73,0,0.73,0,0.365
125,2196833,camara,leggo,2020-02-17,65,0,0.65,0,0.325
125,2196833,camara,leggo,2020-02-24,68,0,0.68,0,0.34
125,2196833,camara,leggo,2020-03-02,100,0,1,0,0.5
125,2196833,camara,leggo,2020-03-09,51,0,0.51,0,0.255
125,2196833,camara,leggo,2020-03-16,62,0,0.62,0,0.31
125,2196833,camara,leggo,2020-03-23,40,0,0.4,0,0.2
125,2196833,camara,leggo,2020-03-30,46,0,0.46,0,0.23
125,2196833,camara,leggo,2020-04-06,31,0,0.31,0,0.155
125,2196833,camara,leggo,2020-04-13,30,0,0.3,0,0.15
125,2196833,camara,leggo,2020-04-20,95,0,0.95,0,0.475
125,2196833,camara,leggo,2020-04-27,29,0,0.29,0,0.145
125,2196833,camara,leggo,2020-05-04,36,0,0.36,0,0.18
125,2196833,camara,leggo,2020-05-11,31,0,0.31,0,0.155
125,2196833,camara,leggo,2020-05-18,47,0,0.47,0,0.235
125,2196833,camara,leggo,2020-05-25,71,0,0.71,0,0.355
125,2196833,camara,leggo,2020-06-01,47,0,0.47,0,0.235
125,2196833,camara,leggo,2020-06-08,54,0,0.54,0,0.27
130,140042,senado,leggo,2019-12-16,71,0,0.71,0,0.355
130,140042,senado,leggo,2019-12-23,100,0,1,0,0.5
130,140042,senado,leggo,2019-12-30,0,0,0,0,0
130,140042,senado,leggo,2020-01-06,60,0,0.6,0,0.3
130,140042,senado,leggo,2020-01-13,0,0,0,0,0
130,140042,senado,leggo,2020-01-20,55,0,0.55,0,0.275
130,140042,senado,leggo,2020-01-27,0,0,0,0,0
130,140042,senado,leggo,2020-02-03,58,0,0.58,0,0.29
130,140042,senado,leggo,2020-02-10,0,0,0,0,0
130,140042,senado,leggo,2020-02-17,0,0,0,0,0
130,140042,senado,leggo,2020-02-24,0,0,0,0,0
130,140042,senado,leggo,2020-03-02,0,0,0,0,0
130,140042,senado,leggo,2020-03-09,0,0,0,0,0
130,140042,senado,leggo,2020-03-16,0,0,0,0,0
130,140042,senado,leggo,2020-03-23,0,0,0,0,0
130,140042,senado,leggo,2020-03-30,0,0,0,0,0
130,140042,senado,leggo,2020-04-06,0,0,0,0,0
130,140042,senado,leggo,2020-04-13,0,0,0,0,0
130,140042,senado,leggo,2020-04-20,0,0,0,0,0
130,140042,senado,leggo,2020-04-27,0,0,0,0,0
130,140042,senado,leggo,2020-05-04,0,0,0,0,0
130,140042,senado,leggo,2020-05-11,48,0,0.48,0,0.24
130,140042,senado,leggo,2020-05-18,0,0,0,0,0
130,140042,senado,leggo,2020-05-25,49,0,0.49,0,0.245
130,140042,senado,leggo,2020-06-01,64,0,0.64,0,0.32
130,140042,senado,leggo,2020-06-08,0,0,0,0,0
131,139988,senado,leggo,2019-12-16,0,0,0,0,0
131,139988,senado,leggo,2019-12-23,69,0,0.69,0,0.345
131,139988,senado,leggo,2019-12-30,74,0,0.74,0,0.37
131,139988,senado,leggo,2020-01-06,0,0,0,0,0
131,139988,senado,leggo,2020-01-13,48,0,0.48,0,0.24
131,139988,senado,leggo,2020-01-20,72,0,0.72,0,0.36
131,139988,senado,leggo,2020-01-27,0,0,0,0,0
131,139988,senado,leggo,2020-02-03,0,0,0,0,0
131,139988,senado,leggo,2020-02-10,69,0,0.69,0,0.345
131,139988,senado,leggo,2020-02-17,51,0,0.51,0,0.255
131,139988,senado,leggo,2020-02-24,0,0,0,0,0
131,139988,senado,leggo,2020-03-02,63,0,0.63,0,0.315
131,139988,senado,leggo,2020-03-09,0,0,0,0,0
131,139988,senado,leggo,2020-03-16,0,0,0,0,0
131,139988,senado,leggo,2020-03-23,50,0,0.5,0,0.25
131,139988,senado,leggo,2020-03-30,48,0,0.48,0,0.24
131,139988,senado,leggo,2020-04-06,49,0,0.49,0,0.245
131,139988,senado,leggo,2020-04-13,69,0,0.69,0,0.345
131,139988,senado,leggo,2020-04-20,93,0,0.93,0,0.465
131,139988,senado,leggo,2020-04-27,61,0,0.61,0,0.305
131,139988,senado,leggo,2020-05-04,100,0,1,0,0.5
131,139988,senado,leggo,2020-05-11,45,0,0.45,0,0.225
131,139988,senado,leggo,2020-05-18,46,0,0.46,0,0.23
131,139988,senado,leggo,2020-05-25,60,0,0.6,0,0.3
131,139988,senado,leggo,2020-06-01,42,0,0.42,0,0.21
131,139988,senado,leggo,2020-06-08,60,0,0.6,0,0.3
133,137118,senado,leggo,2019-12-16,0,0,0,0,0
133,137118,senado,leggo,2019-12-23,0,0,0,0,0
133,137118,senado,leggo,2019-12-30,0,0,0,0,0
133,137118,senado,leggo,2020-01-06,0,0,0,0,0
133,137118,senado,leggo,2020-01-13,0,0,0,0,0
133,137118,senado,leggo,2020-01-20,0,0,0,0,0
133,137118,senado,leggo,2020-01-27,0,0,0,0,0
133,137118,senado,leggo,2020-02-03,100,0,1,0,0.5
133,137118,senado,leggo,2020-02-10,0,0,0,0,0
133,137118,senado,leggo,2020-02-17,0,0,0,0,0
133,137118,senado,leggo,2020-02-24,97,0,0.97,0,0.485
133,137118,senado,leggo,2020-03-02,0,0,0,0,0
133,137118,senado,leggo,2020-03-09,0,0,0,0,0
133,137118,senado,leggo,2020-03-16,95,0,0.95,0,0.475
133,137118,senado,leggo,2020-03-23,0,0,0,0,0
133,137118,senado,leggo,2020-03-30,0,0,0,0,0
133,137118,senado,leggo,2020-04-06,0,0,0,0,0
133,137118,senado,leggo,2020-04-13,0,0,0,0,0
133,137118,senado,leggo,2020-04-20,0,0,0,0,0
133,137118,senado,leggo,2020-04-27,0,0,0,0,0
133,137118,senado,leggo,2020-05-04,0,0,0,0,0
133,137118,senado,leggo,2020-05-11,0,0,0,0,0
133,137118,senado,leggo,2020-05-18,0,0,0,0,0
133,137118,senado,leggo,2020-05-25,89,0,0.89,0,0.445
133,137118,senado,leggo,2020-06-01,0,0,0,0,0
133,137118,senado,leggo,2020-06-08,0,0,0,0,0
135,2206203,camara,congresso-remoto,2019-12-16,5,36,0.36,0,0.18
135,2206203,camara,congresso-remoto,2019-12-23,7,47,0.47,0,0.235
135,2206203,camara,congresso-remoto,2019-12-30,5,50,0.5,0,0.25
135,2206203,camara,congresso-remoto,2020-01-06,8,71,0.71,0,0.355
135,2206203,camara,congresso-remoto,2020-01-13,12,66,0.66,0,0.33
135,2206203,camara,congresso-remoto,2020-01-20,8,73,0.73,0,0.365
135,2206203,camara,congresso-remoto,2020-01-27,7,70,0.7,0,0.35
135,2206203,camara,congresso-remoto,2020-02-03,8,75,0.75,0,0.375
135,2206203,camara,congresso-remoto,2020-02-10,12,80,0.8,0,0.4
135,2206203,camara,congresso-remoto,2020-02-17,6,88,0.88,0,0.44
135,2206203,camara,congresso-remoto,2020-02-24,6,91,0.91,0,0.455
135,2206203,camara,congresso-remoto,2020-03-02,6,94,0.94,0,0.47
135,2206203,camara,congresso-remoto,2020-03-09,6,100,1,0,0.5
135,2206203,camara,congresso-remoto,2020-03-16,5,85,0.85,0,0.425
135,2206203,camara,congresso-remoto,2020-03-23,5,80,0.8,0,0.4
135,2206203,camara,congresso-remoto,2020-03-30,3,65,0.65,0,0.325
135,2206203,camara,congresso-remoto,2020-04-06,4,65,0.65,0,0.325
135,2206203,camara,congresso-remoto,2020-04-13,3,74,0.74,0,0.37
135,2206203,camara,congresso-remoto,2020-04-20,4,70,0.7,0,0.35
135,2206203,camara,congresso-remoto,2020-04-27,4,67,0.67,0,0.335
135,2206203,camara,congresso-remoto,2020-05-04,4,85,0.85,0,0.425
135,2206203,camara,congresso-remoto,2020-05-11,6,77,0.77,0,0.385
135,2206203,camara,congresso-remoto,2020-05-18,3,67,0.67,0,0.335
135,2206203,camara,congresso-remoto,2020-05-25,9,65,0.65,0,0.325
135,2206203,camara,congresso-remoto,2020-06-01,4,78,0.78,0,0.39
135,2206203,camara,congresso-remoto,2020-06-08,8,76,0.76,0,0.38
135,2206203,camara,leggo,2019-12-16,0,0,0,0,0
135,2206203,camara,leggo,2019-12-23,0,0,0,0,0
135,2206203,camara,leggo,2019-12-30,26,0,0.26,0,0.13
135,2206203,camara,leggo,2020-01-06,0,0,0,0,0
135,2206203,camara,leggo,2020-01-13,0,0,0,0,0
135,2206203,camara,leggo,2020-01-20,0,0,0,0,0
135,2206203,camara,leggo,2020-01-27,0,0,0,0,0
135,2206203,camara,leggo,2020-02-03,23,0,0.23,0,0.115
135,2206203,camara,leggo,2020-02-10,22,0,0.22,0,0.11
135,2206203,camara,leggo,2020-02-17,21,0,0.21,0,0.105
135,2206203,camara,leggo,2020-02-24,0,0,0,0,0
135,2206203,camara,leggo,2020-03-02,0,0,0,0,0
135,2206203,camara,leggo,2020-03-09,21,0,0.21,0,0.105
135,2206203,camara,leggo,2020-03-16,0,0,0,0,0
135,2206203,camara,leggo,2020-03-23,0,0,0,0,0
135,2206203,camara,leggo,2020-03-30,0,0,0,0,0
135,2206203,camara,leggo,2020-04-06,0,0,0,0,0
135,2206203,camara,leggo,2020-04-13,0,0,0,0,0
135,2206203,camara,leggo,2020-04-20,0,0,0,0,0
135,2206203,camara,leggo,2020-04-27,0,0,0,0,0
135,2206203,camara,leggo,2020-05-04,0,0,0,0,0
135,2206203,camara,leggo,2020-05-11,19,0,0.19,0,0.095
135,2206203,camara,leggo,2020-05-18,24,0,0.24,0,0.12
135,2206203,camara,leggo,2020-05-25,100,0,1,0,0.5
135,2206203,camara,leggo,2020-06-01,24,0,0.24,0,0.12
135,2206203,camara,leggo,2020-06-08,0,0,0,0,0
145,556267,camara,leggo,2019-12-16,0,0,0,0,0
145,556267,camara,leggo,2019-12-23,0,0,0,0,0
145,556267,camara,leggo,2019-12-30,0,0,0,0,0
145,556267,camara,leggo,2020-01-06,0,0,0,0,0
145,556267,camara,leggo,2020-01-13,0,0,0,0,0
145,556267,camara,leggo,2020-01-20,0,0,0,0,0
145,556267,camara,leggo,2020-01-27,0,0,0,0,0
145,556267,camara,leggo,2020-02-03,0,0,0,0,0
145,556267,camara,leggo,2020-02-10,0,0,0,0,0
145,556267,camara,leggo,2020-02-17,0,0,0,0,0
145,556267,camara,leggo,2020-02-24,0,0,0,0,0
145,556267,camara,leggo,2020-03-02,0,0,0,0,0
145,556267,camara,leggo,2020-03-09,0,0,0,0,0
145,556267,camara,leggo,2020-03-16,0,0,0,0,0
145,556267,camara,leggo,2020-03-23,0,0,0,0,0
145,556267,camara,leggo,2020-03-30,0,0,0,0,0
145,556267,camara,leggo,2020-04-06,0,0,0,0,0
145,556267,camara,leggo,2020-04-13,0,0,0,0,0
145,556267,camara,leggo,2020-04-20,0,0,0,0,0
145,556267,camara,leggo,2020-04-27,0,0,0,0,0
145,556267,camara,leggo,2020-05-04,0,0,0,0,0
145,556267,camara,leggo,2020-05-11,0,0,0,0,0
145,556267,camara,leggo,2020-05-18,0,0,0,0,0
145,556267,camara,leggo,2020-05-25,0,0,0,0,0
145,556267,camara,leggo,2020-06-01,0,0,0,0,0
145,556267,camara,leggo,2020-06-08,100,0,1,0,0.5
146,141443,senado,leggo,2020-03-30,19,0,0.19,0,0.095
146,141443,senado,leggo,2020-04-06,47,0,0.47,0,0.235
146,141443,senado,leggo,2020-04-13,40,0,0.4,0,0.2
146,141443,senado,leggo,2020-04-20,59,0,0.59,0,0.295
146,141443,senado,leggo,2020-04-27,20,0,0.2,0,0.1
146,141443,senado,leggo,2020-05-04,100,0,1,0,0.5
146,141443,senado,leggo,2020-05-11,20,0,0.2,0,0.1
146,141443,senado,leggo,2020-05-18,37,0,0.37,0,0.185
146,141443,senado,leggo,2020-05-25,26,0,0.26,0,0.13
146,141443,senado,leggo,2020-06-01,25,0,0.25,0,0.125
146,141443,senado,leggo,2020-06-08,20,0,0.2,0,0.1
148,136115,senado,congresso-remoto,2019-12-16,0,0,0,0,0
148,136115,senado,congresso-remoto,2019-12-23,0,0,0,0,0
148,136115,senado,congresso-remoto,2019-12-30,0,0,0,0,0
148,136115,senado,congresso-remoto,2020-01-06,0,0,0,0,0
148,136115,senado,congresso-remoto,2020-01-13,0,0,0,0,0
148,136115,senado,congresso-remoto,2020-01-20,0,0,0,0,0
148,136115,senado,congresso-remoto,2020-01-27,0,0,0,0,0
148,136115,senado,congresso-remoto,2020-02-03,0,0,0,0,0
148,136115,senado,congresso-remoto,2020-02-10,0,0,0,0,0
148,136115,senado,congresso-remoto,2020-02-17,0,0,0,0,0
148,136115,senado,congresso-remoto,2020-02-24,0,0,0,0,0
148,136115,senado,congresso-remoto,2020-03-02,0,0,0,0,0
148,136115,senado,congresso-remoto,2020-03-09,0,0,0,0,0
148,136115,senado,congresso-remoto,2020-03-16,0,0,0,0,0
148,136115,senado,congresso-remoto,2020-03-23,97,0,0.97,0,0.485
148,136115,senado,congresso-remoto,2020-03-30,100,0,1,0,0.5
148,136115,senado,congresso-remoto,2020-04-06,75,0,0.75,0,0.375
148,136115,senado,congresso-remoto,2020-04-13,0,0,0,0,0
148,136115,senado,congresso-remoto,2020-04-20,0,0,0,0,0
148,136115,senado,congresso-remoto,2020-04-27,93,0,0.93,0,0.465
148,136115,senado,congresso-remoto,2020-05-04,0,0,0,0,0
148,136115,senado,congresso-remoto,2020-05-11,74,0,0.74,0,0.37
148,136115,senado,congresso-remoto,2020-05-18,76,0,0.76,0,0.38
148,136115,senado,congresso-remoto,2020-05-25,0,0,0,0,0
148,136115,senado,congresso-remoto,2020-06-01,0,0,0,0,0
148,136115,senado,congresso-remoto,2020-06-08,0,0,0,0,0
148,136115,senado,leggo,2019-12-16,0,0,0,0,0
148,136115,senado,leggo,2019-12-23,0,0,0,0,0
148,136115,senado,leggo,2019-12-30,0,0,0,0,0
148,136115,senado,leggo,2020-01-06,0,0,0,0,0
148,136115,senado,leggo,2020-01-13,0,0,0,0,0
148,136115,senado,leggo,2020-01-20,0,0,0,0,0
148,136115,senado,leggo,2020-01-27,0,0,0,0,0
148,136115,senado,leggo,2020-02-03,0,0,0,0,0
148,136115,senado,leggo,2020-02-10,0,0,0,0,0
148,136115,senado,leggo,2020-02-17,0,0,0,0,0
148,136115,senado,leggo,2020-02-24,0,0,0,0,0
148,136115,senado,leggo,2020-03-02,0,0,0,0,0
148,136115,senado,leggo,2020-03-09,0,0,0,0,0
148,136115,senado,leggo,2020-03-16,0,0,0,0,0
148,136115,senado,leggo,2020-03-23,97,0,0.97,0,0.485
148,136115,senado,leggo,2020-03-30,100,0,1,0,0.5
148,136115,senado,leggo,2020-04-06,75,0,0.75,0,0.375
148,136115,senado,leggo,2020-04-13,0,0,0,0,0
148,136115,senado,leggo,2020-04-20,0,0,0,0,0
148,136115,senado,leggo,2020-04-27,93,0,0.93,0,0.465
148,136115,senado,leggo,2020-05-04,0,0,0,0,0
148,136115,senado,leggo,2020-05-11,74,0,0.74,0,0.37
148,136115,senado,leggo,2020-05-18,76,0,0.76,0,0.38
148,136115,senado,leggo,2020-05-25,0,0,0,0,0
148,136115,senado,leggo,2020-06-01,0,0,0,0,0
148,136115,senado,leggo,2020-06-08,0,0,0,0,0
157,2239406,camara,congresso-remoto,2020-03-16,56,0,0.56,0,0.28
157,2239406,camara,congresso-remoto,2020-03-23,0,0,0,0,0
157,2239406,camara,congresso-remoto,2020-03-30,0,0,0,0,0
157,2239406,camara,congresso-remoto,2020-04-06,64,0,0.64,0,0.32
157,2239406,camara,congresso-remoto,2020-04-13,52,0,0.52,0,0.26
157,2239406,camara,congresso-remoto,2020-04-20,0,0,0,0,0
157,2239406,camara,congresso-remoto,2020-04-27,0,0,0,0,0
157,2239406,camara,congresso-remoto,2020-05-04,0,0,0,0,0
157,2239406,camara,congresso-remoto,2020-05-11,77,0,0.77,0,0.385
157,2239406,camara,congresso-remoto,2020-05-18,53,0,0.53,0,0.265
157,2239406,camara,congresso-remoto,2020-05-25,53,0,0.53,0,0.265
157,2239406,camara,congresso-remoto,2020-06-01,100,0,1,0,0.5
157,2239406,camara,congresso-remoto,2020-06-08,94,0,0.94,0,0.47
158,2239384,camara,congresso-remoto,2020-03-16,100,0,1,0,0.5
158,2239384,camara,congresso-remoto,2020-03-23,0,0,0,0,0
158,2239384,camara,congresso-remoto,2020-03-30,0,0,0,0,0
158,2239384,camara,congresso-remoto,2020-04-06,99,0,0.99,0,0.495
158,2239384,camara,congresso-remoto,2020-04-13,0,0,0,0,0
158,2239384,camara,congresso-remoto,2020-04-20,0,0,0,0,0
158,2239384,camara,congresso-remoto,2020-04-27,0,0,0,0,0
158,2239384,camara,congresso-remoto,2020-05-04,0,0,0,0,0
158,2239384,camara,congresso-remoto,2020-05-11,0,0,0,0,0
158,2239384,camara,congresso-remoto,2020-05-18,0,0,0,0,0
158,2239384,camara,congresso-remoto,2020-05-25,0,0,0,0,0
158,2239384,camara,congresso-remoto,2020-06-01,0,0,0,0,0
158,2239384,camara,congresso-remoto,2020-06-08,0,0,0,0,0
159,2239385,camara,congresso-remoto,2020-03-16,100,0,1,0,0.5
159,2239385,camara,congresso-remoto,2020-03-23,0,0,0,0,0
159,2239385,camara,congresso-remoto,2020-03-30,0,0,0,0,0
159,2239385,camara,congresso-remoto,2020-04-06,0,0,0,0,0
159,2239385,camara,congresso-remoto,2020-04-13,0,0,0,0,0
159,2239385,camara,congresso-remoto,2020-04-20,0,0,0,0,0
159,2239385,camara,congresso-remoto,2020-04-27,0,0,0,0,0
159,2239385,camara,congresso-remoto,2020-05-04,0,0,0,0,0
159,2239385,camara,congresso-remoto,2020-05-11,0,0,0,0,0
159,2239385,camara,congresso-remoto,2020-05-18,0,0,0,0,0
159,2239385,camara,congresso-remoto,2020-05-25,0,0,0,0,0
159,2239385,camara,congresso-remoto,2020-06-01,0,0,0,0,0
159,2239385,camara,congresso-remoto,2020-06-08,0,0,0,0,0
160,2239474,camara,congresso-remoto,2020-03-16,0,0,0,0,0
160,2239474,camara,congresso-remoto,2020-03-23,100,0,1,0,0.5
160,2239474,camara,congresso-remoto,2020-03-30,88,0,0.88,0,0.44
160,2239474,camara,congresso-remoto,2020-04-06,92,0,0.92,0,0.46
160,2239474,camara,congresso-remoto,2020-04-13,88,0,0.88,0,0.44
160,2239474,camara,congresso-remoto,2020-04-20,88,0,0.88,0,0.44
160,2239474,camara,congresso-remoto,2020-04-27,86,0,0.86,0,0.43
160,2239474,camara,congresso-remoto,2020-05-04,0,0,0,0,0
160,2239474,camara,congresso-remoto,2020-05-11,86,0,0.86,0,0.43
160,2239474,camara,congresso-remoto,2020-05-18,0,0,0,0,0
160,2239474,camara,congresso-remoto,2020-05-25,0,0,0,0,0
160,2239474,camara,congresso-remoto,2020-06-01,85,0,0.85,0,0.425
160,2239474,camara,congresso-remoto,2020-06-08,0,0,0,0,0
161,2239462,camara,congresso-remoto,2020-03-16,0,0,0,0,0
161,2239462,camara,congresso-remoto,2020-03-23,100,0,1,0,0.5
161,2239462,camara,congresso-remoto,2020-03-30,84,0,0.84,0,0.42
161,2239462,camara,congresso-remoto,2020-04-06,0,0,0,0,0
161,2239462,camara,congresso-remoto,2020-04-13,0,0,0,0,0
161,2239462,camara,congresso-remoto,2020-04-20,0,0,0,0,0
161,2239462,camara,congresso-remoto,2020-04-27,0,0,0,0,0
161,2239462,camara,congresso-remoto,2020-05-04,0,0,0,0,0
161,2239462,camara,congresso-remoto,2020-05-11,0,0,0,0,0
161,2239462,camara,congresso-remoto,2020-05-18,0,0,0,0,0
161,2239462,camara,congresso-remoto,2020-05-25,87,0,0.87,0,0.435
161,2239462,camara,congresso-remoto,2020-06-01,0,0,0,0,0
161,2239462,camara,congresso-remoto,2020-06-08,0,0,0,0,0
164,2242136,camara,congresso-remoto,2020-03-23,0,0,0,0,0
164,2242136,camara,congresso-remoto,2020-03-30,0,0,0,0,0
164,2242136,camara,congresso-remoto,2020-04-06,0,0,0,0,0
164,2242136,camara,congresso-remoto,2020-04-13,0,0,0,0,0
164,2242136,camara,congresso-remoto,2020-04-20,0,0,0,0,0
164,2242136,camara,congresso-remoto,2020-04-27,0,0,0,0,0
164,2242136,camara,congresso-remoto,2020-05-04,0,0,0,0,0
164,2242136,camara,congresso-remoto,2020-05-11,68,0,0.68,0,0.34
164,2242136,camara,congresso-remoto,2020-05-18,56,0,0.56,0,0.28
164,2242136,camara,congresso-remoto,2020-05-25,81,0,0.81,0,0.405
164,2242136,camara,congresso-remoto,2020-06-01,100,0,1,0,0.5
164,2242136,camara,congresso-remoto,2020-06-08,71,0,0.71,0,0.355
165,2242140,camara,congresso-remoto,2020-03-23,0,0,0,0,0
165,2242140,camara,congresso-remoto,2020-03-30,0,0,0,0,0
165,2242140,camara,congresso-remoto,2020-04-06,98,0,0.98,0,0.49
165,2242140,camara,congresso-remoto,2020-04-13,0,0,0,0,0
165,2242140,camara,congresso-remoto,2020-04-20,79,0,0.79,0,0.395
165,2242140,camara,congresso-remoto,2020-04-27,0,0,0,0,0
165,2242140,camara,congresso-remoto,2020-05-04,0,0,0,0,0
165,2242140,camara,congresso-remoto,2020-05-11,79,0,0.79,0,0.395
165,2242140,camara,congresso-remoto,2020-05-18,76,0,0.76,0,0.38
165,2242140,camara,congresso-remoto,2020-05-25,100,0,1,0,0.5
165,2242140,camara,congresso-remoto,2020-06-01,73,0,0.73,0,0.365
165,2242140,camara,congresso-remoto,2020-06-08,71,0,0.71,0,0.355
167,2242000,camara,congresso-remoto,2020-03-23,0,0,0,0,0
167,2242000,camara,congresso-remoto,2020-03-30,0,0,0,0,0
167,2242000,camara,congresso-remoto,2020-04-06,0,0,0,0,0
167,2242000,camara,congresso-remoto,2020-04-13,0,0,0,0,0
167,2242000,camara,congresso-remoto,2020-04-20,0,0,0,0,0
167,2242000,camara,congresso-remoto,2020-04-27,100,0,1,0,0.5
167,2242000,camara,congresso-remoto,2020-05-04,0,0,0,0,0
167,2242000,camara,congresso-remoto,2020-05-11,0,0,0,0,0
167,2242000,camara,congresso-remoto,2020-05-18,0,0,0,0,0
167,2242000,camara,congresso-remoto,2020-05-25,0,0,0,0,0
167,2242000,camara,congresso-remoto,2020-06-01,0,0,0,0,0
167,2242000,camara,congresso-remoto,2020-06-08,0,0,0,0,0
168,2241779,camara,congresso-remoto,2020-03-16,0,0,0,0,0
168,2241779,camara,congresso-remoto,2020-03-23,0,0,0,0,0
168,2241779,camara,congresso-remoto,2020-03-30,100,0,1,0,0.5
168,2241779,camara,congresso-remoto,2020-04-06,0,0,0,0,0
168,2241779,camara,congresso-remoto,2020-04-13,0,0,0,0,0
168,2241779,camara,congresso-remoto,2020-04-20,0,0,0,0,0
168,2241779,camara,congresso-remoto,2020-04-27,0,0,0,0,0
168,2241779,camara,congresso-remoto,2020-05-04,89,0,0.89,0,0.445
168,2241779,camara,congresso-remoto,2020-05-11,0,0,0,0,0
168,2241779,camara,congresso-remoto,2020-05-18,0,0,0,0,0
168,2241779,camara,congresso-remoto,2020-05-25,0,0,0,0,0
168,2241779,camara,congresso-remoto,2020-06-01,0,0,0,0,0
168,2241779,camara,congresso-remoto,2020-06-08,0,0,0,0,0
173,2241940,camara,congresso-remoto,2020-03-23,0,0,0,0,0
173,2241940,camara,congresso-remoto,2020-03-30,99,0,0.99,0,0.495
173,2241940,camara,congresso-remoto,2020-04-06,46,0,0.46,0,0.23
173,2241940,camara,congresso-remoto,2020-04-13,100,0,1,0,0.5
173,2241940,camara,congresso-remoto,2020-04-20,51,0,0.51,0,0.255
173,2241940,camara,congresso-remoto,2020-04-27,61,0,0.61,0,0.305
173,2241940,camara,congresso-remoto,2020-05-04,45,0,0.45,0,0.225
173,2241940,camara,congresso-remoto,2020-05-11,0,0,0,0,0
173,2241940,camara,congresso-remoto,2020-05-18,0,0,0,0,0
173,2241940,camara,congresso-remoto,2020-05-25,0,0,0,0,0
173,2241940,camara,congresso-remoto,2020-06-01,0,0,0,0,0
173,2241940,camara,congresso-remoto,2020-06-08,0,0,0,0,0
174,2242167,camara,congresso-remoto,2020-03-23,0,0,0,0,0
174,2242167,camara,congresso-remoto,2020-03-30,0,0,0,0,0
174,2242167,camara,congresso-remoto,2020-04-06,100,0,1,0,0.5
174,2242167,camara,congresso-remoto,2020-04-13,0,0,0,0,0
174,2242167,camara,congresso-remoto,2020-04-20,0,0,0,0,0
174,2242167,camara,congresso-remoto,2020-04-27,0,0,0,0,0
174,2242167,camara,congresso-remoto,2020-05-04,0,0,0,0,0
174,2242167,camara,congresso-remoto,2020-05-11,0,0,0,0,0
174,2242167,camara,congresso-remoto,2020-05-18,0,0,0,0,0
174,2242167,camara,congresso-remoto,2020-05-25,0,0,0,0,0
174,2242167,camara,congresso-remoto,2020-06-01,0,0,0,0,0
174,2242167,camara,congresso-remoto,2020-06-08,0,0,0,0,0
175,2242149,camara,congresso-remoto,2020-03-23,0,0,0,0,0
175,2242149,camara,congresso-remoto,2020-03-30,0,0,0,0,0
175,2242149,camara,congresso-remoto,2020-04-06,100,0,1,0,0.5
175,2242149,camara,congresso-remoto,2020-04-13,0,0,0,0,0
175,2242149,camara,congresso-remoto,2020-04-20,0,0,0,0,0
175,2242149,camara,congresso-remoto,2020-04-27,0,0,0,0,0
175,2242149,camara,congresso-remoto,2020-05-04,0,0,0,0,0
175,2242149,camara,congresso-remoto,2020-05-11,0,0,0,0,0
175,2242149,camara,congresso-remoto,2020-05-18,0,0,0,0,0
175,2242149,camara,congresso-remoto,2020-05-25,0,0,0,0,0
175,2242149,camara,congresso-remoto,2020-06-01,0,0,0,0,0
175,2242149,camara,congresso-remoto,2020-06-08,0,0,0,0,0
176,2241744,camara,congresso-remoto,2020-03-16,0,0,0,0,0
176,2241744,camara,congresso-remoto,2020-03-23,0,0,0,0,0
176,2241744,camara,congresso-remoto,2020-03-30,0,0,0,0,0
176,2241744,camara,congresso-remoto,2020-04-06,100,0,1,0,0.5
176,2241744,camara,congresso-remoto,2020-04-13,0,0,0,0,0
176,2241744,camara,congresso-remoto,2020-04-20,54,0,0.54,0,0.27
176,2241744,camara,congresso-remoto,2020-04-27,0,0,0,0,0
176,2241744,camara,congresso-remoto,2020-05-04,0,0,0,0,0
176,2241744,camara,congresso-remoto,2020-05-11,54,0,0.54,0,0.27
176,2241744,camara,congresso-remoto,2020-05-18,0,0,0,0,0
176,2241744,camara,congresso-remoto,2020-05-25,0,0,0,0,0
176,2241744,camara,congresso-remoto,2020-06-01,0,0,0,0,0
176,2241744,camara,congresso-remoto,2020-06-08,0,0,0,0,0
177,2241627,camara,congresso-remoto,2020-03-16,0,0,0,0,0
177,2241627,camara,congresso-remoto,2020-03-23,94,0,0.94,0,0.47
177,2241627,camara,congresso-remoto,2020-03-30,100,0,1,0,0.5
177,2241627,camara,congresso-remoto,2020-04-06,0,0,0,0,0
177,2241627,camara,congresso-remoto,2020-04-13,0,0,0,0,0
177,2241627,camara,congresso-remoto,2020-04-20,0,0,0,0,0
177,2241627,camara,congresso-remoto,2020-04-27,0,0,0,0,0
177,2241627,camara,congresso-remoto,2020-05-04,0,0,0,0,0
177,2241627,camara,congresso-remoto,2020-05-11,0,0,0,0,0
177,2241627,camara,congresso-remoto,2020-05-18,0,0,0,0,0
177,2241627,camara,congresso-remoto,2020-05-25,0,0,0,0,0
177,2241627,camara,congresso-remoto,2020-06-01,0,0,0,0,0
177,2241627,camara,congresso-remoto,2020-06-08,0,0,0,0,0
179,2242471,camara,congresso-remoto,2020-03-23,0,0,0,0,0
179,2242471,camara,congresso-remoto,2020-03-30,0,0,0,0,0
179,2242471,camara,congresso-remoto,2020-04-06,0,0,0,0,0
179,2242471,camara,congresso-remoto,2020-04-13,0,0,0,0,0
179,2242471,camara,congresso-remoto,2020-04-20,0,0,0,0,0
179,2242471,camara,congresso-remoto,2020-04-27,0,0,0,0,0
179,2242471,camara,congresso-remoto,2020-05-04,0,0,0,0,0
179,2242471,camara,congresso-remoto,2020-05-11,100,0,1,0,0.5
179,2242471,camara,congresso-remoto,2020-05-18,0,0,0,0,0
179,2242471,camara,congresso-remoto,2020-05-25,0,0,0,0,0
179,2242471,camara,congresso-remoto,2020-06-01,75,0,0.75,0,0.375
179,2242471,camara,congresso-remoto,2020-06-08,81,0,0.81,0,0.405
181,2242681,camara,congresso-remoto,2020-03-30,0,0,0,0,0
181,2242681,camara,congresso-remoto,2020-04-06,0,0,0,0,0
181,2242681,camara,congresso-remoto,2020-04-13,0,0,0,0,0
181,2242681,camara,congresso-remoto,2020-04-20,0,0,0,0,0
181,2242681,camara,congresso-remoto,2020-04-27,100,0,1,0,0.5
181,2242681,camara,congresso-remoto,2020-05-04,75,0,0.75,0,0.375
181,2242681,camara,congresso-remoto,2020-05-11,77,0,0.77,0,0.385
181,2242681,camara,congresso-remoto,2020-05-18,0,0,0,0,0
181,2242681,camara,congresso-remoto,2020-05-25,0,0,0,0,0
181,2242681,camara,congresso-remoto,2020-06-01,0,0,0,0,0
181,2242681,camara,congresso-remoto,2020-06-08,0,0,0,0,0
182,2242664,camara,congresso-remoto,2020-03-30,54,0,0.54,0,0.27
182,2242664,camara,congresso-remoto,2020-04-06,52,0,0.52,0,0.26
182,2242664,camara,congresso-remoto,2020-04-13,50,0,0.5,0,0.25
182,2242664,camara,congresso-remoto,2020-04-20,0,0,0,0,0
182,2242664,camara,congresso-remoto,2020-04-27,60,0,0.6,0,0.3
182,2242664,camara,congresso-remoto,2020-05-04,0,0,0,0,0
182,2242664,camara,congresso-remoto,2020-05-11,0,0,0,0,0
182,2242664,camara,congresso-remoto,2020-05-18,100,0,1,0,0.5
182,2242664,camara,congresso-remoto,2020-05-25,51,0,0.51,0,0.255
182,2242664,camara,congresso-remoto,2020-06-01,0,0,0,0,0
182,2242664,camara,congresso-remoto,2020-06-08,0,0,0,0,0
183,2242218,camara,congresso-remoto,2020-03-23,0,0,0,0,0
183,2242218,camara,congresso-remoto,2020-03-30,0,0,0,0,0
183,2242218,camara,congresso-remoto,2020-04-06,0,0,0,0,0
183,2242218,camara,congresso-remoto,2020-04-13,0,0,0,0,0
183,2242218,camara,congresso-remoto,2020-04-20,0,0,0,0,0
183,2242218,camara,congresso-remoto,2020-04-27,0,0,0,0,0
183,2242218,camara,congresso-remoto,2020-05-04,0,0,0,0,0
183,2242218,camara,congresso-remoto,2020-05-11,98,0,0.98,0,0.49
183,2242218,camara,congresso-remoto,2020-05-18,100,0,1,0,0.5
183,2242218,camara,congresso-remoto,2020-05-25,0,0,0,0,0
183,2242218,camara,congresso-remoto,2020-06-01,0,0,0,0,0
183,2242218,camara,congresso-remoto,2020-06-08,98,0,0.98,0,0.49
199,2242656,camara,congresso-remoto,2020-03-30,0,0,0,0,0
199,2242656,camara,congresso-remoto,2020-04-06,0,0,0,0,0
199,2242656,camara,congresso-remoto,2020-04-13,100,0,1,0,0.5
199,2242656,camara,congresso-remoto,2020-04-20,98,0,0.98,0,0.49
199,2242656,camara,congresso-remoto,2020-04-27,0,0,0,0,0
199,2242656,camara,congresso-remoto,2020-05-04,0,0,0,0,0
199,2242656,camara,congresso-remoto,2020-05-11,0,0,0,0,0
199,2242656,camara,congresso-remoto,2020-05-18,0,0,0,0,0
199,2242656,camara,congresso-remoto,2020-05-25,0,0,0,0,0
199,2242656,camara,congresso-remoto,2020-06-01,0,0,0,0,0
199,2242656,camara,congresso-remoto,2020-06-08,0,0,0,0,0
2,1198512,camara,leggo,2019-12-16,0,0,0,0,0
2,1198512,camara,leggo,2019-12-23,0,0,0,0,0
2,1198512,camara,leggo,2019-12-30,0,0,0,0,0
2,1198512,camara,leggo,2020-01-06,0,0,0,0,0
2,1198512,camara,leggo,2020-01-13,0,0,0,0,0
2,1198512,camara,leggo,2020-01-20,0,0,0,0,0
2,1198512,camara,leggo,2020-01-27,0,0,0,0,0
2,1198512,camara,leggo,2020-02-03,0,0,0,0,0
2,1198512,camara,leggo,2020-02-10,0,0,0,0,0
2,1198512,camara,leggo,2020-02-17,100,0,1,0,0.5
2,1198512,camara,leggo,2020-02-24,0,0,0,0,0
2,1198512,camara,leggo,2020-03-02,0,0,0,0,0
2,1198512,camara,leggo,2020-03-09,0,0,0,0,0
2,1198512,camara,leggo,2020-03-16,0,0,0,0,0
2,1198512,camara,leggo,2020-03-23,0,0,0,0,0
2,1198512,camara,leggo,2020-03-30,0,0,0,0,0
2,1198512,camara,leggo,2020-04-06,0,0,0,0,0
2,1198512,camara,leggo,2020-04-13,0,0,0,0,0
2,1198512,camara,leggo,2020-04-20,0,0,0,0,0
2,1198512,camara,leggo,2020-04-27,0,0,0,0,0
2,1198512,camara,leggo,2020-05-04,0,0,0,0,0
2,1198512,camara,leggo,2020-05-11,0,0,0,0,0
2,1198512,camara,leggo,2020-05-18,0,0,0,0,0
2,1198512,camara,leggo,2020-05-25,0,0,0,0,0
2,1198512,camara,leggo,2020-06-01,0,0,0,0,0
2,1198512,camara,leggo,2020-06-08,0,0,0,0,0
2,1198512,camara,primeira-infancia,2019-12-16,0,0,0,0,0
2,1198512,camara,primeira-infancia,2019-12-23,0,0,0,0,0
2,1198512,camara,primeira-infancia,2019-12-30,0,0,0,0,0
2,1198512,camara,primeira-infancia,2020-01-06,100,0,1,0,0.5
2,1198512,camara,primeira-infancia,2020-01-13,0,0,0,0,0
2,1198512,camara,primeira-infancia,2020-01-20,0,0,0,0,0
2,1198512,camara,primeira-infancia,2020-01-27,0,0,0,0,0
2,1198512,camara,primeira-infancia,2020-02-03,87,0,0.87,0,0.435
2,1198512,camara,primeira-infancia,2020-02-10,0,0,0,0,0
2,1198512,camara,primeira-infancia,2020-02-17,84,0,0.84,0,0.42
2,1198512,camara,primeira-infancia,2020-02-24,0,0,0,0,0
2,1198512,camara,primeira-infancia,2020-03-02,0,0,0,0,0
2,1198512,camara,primeira-infancia,2020-03-09,0,0,0,0,0
2,1198512,camara,primeira-infancia,2020-03-16,0,0,0,0,0
2,1198512,camara,primeira-infancia,2020-03-23,0,0,0,0,0
2,1198512,camara,primeira-infancia,2020-03-30,0,0,0,0,0
2,1198512,camara,primeira-infancia,2020-04-06,0,0,0,0,0
2,1198512,camara,primeira-infancia,2020-04-13,0,0,0,0,0
2,1198512,camara,primeira-infancia,2020-04-20,0,0,0,0,0
2,1198512,camara,primeira-infancia,2020-04-27,0,0,0,0,0
2,1198512,camara,primeira-infancia,2020-05-04,0,0,0,0,0
2,1198512,camara,primeira-infancia,2020-05-11,0,0,0,0,0
2,1198512,camara,primeira-infancia,2020-05-18,0,0,0,0,0
2,1198512,camara,primeira-infancia,2020-05-25,0,0,0,0,0
2,1198512,camara,primeira-infancia,2020-06-01,0,0,0,0,0
2,1198512,camara,primeira-infancia,2020-06-08,0,0,0,0,0
206,2243084,camara,congresso-remoto,2020-03-30,0,0,0,0,0
206,2243084,camara,congresso-remoto,2020-04-06,0,0,0,0,0
206,2243084,camara,congresso-remoto,2020-04-13,0,0,0,0,0
206,2243084,camara,congresso-remoto,2020-04-20,0,0,0,0,0
206,2243084,camara,congresso-remoto,2020-04-27,0,0,0,0,0
206,2243084,camara,congresso-remoto,2020-05-04,54,0,0.54,0,0.27
206,2243084,camara,congresso-remoto,2020-05-11,0,0,0,0,0
206,2243084,camara,congresso-remoto,2020-05-18,75,0,0.75,0,0.375
206,2243084,camara,congresso-remoto,2020-05-25,52,0,0.52,0,0.26
206,2243084,camara,congresso-remoto,2020-06-01,69,0,0.69,0,0.345
206,2243084,camara,congresso-remoto,2020-06-08,100,0,1,0,0.5
207,2242868,camara,congresso-remoto,2020-03-30,79,0,0.79,0,0.395
207,2242868,camara,congresso-remoto,2020-04-06,56,0,0.56,0,0.28
207,2242868,camara,congresso-remoto,2020-04-13,100,0,1,0,0.5
207,2242868,camara,congresso-remoto,2020-04-20,67,0,0.67,0,0.335
207,2242868,camara,congresso-remoto,2020-04-27,50,0,0.5,0,0.25
207,2242868,camara,congresso-remoto,2020-05-04,59,0,0.59,0,0.295
207,2242868,camara,congresso-remoto,2020-05-11,95,0,0.95,0,0.475
207,2242868,camara,congresso-remoto,2020-05-18,41,0,0.41,0,0.205
207,2242868,camara,congresso-remoto,2020-05-25,41,0,0.41,0,0.205
207,2242868,camara,congresso-remoto,2020-06-01,37,0,0.37,0,0.185
207,2242868,camara,congresso-remoto,2020-06-08,52,0,0.52,0,0.26
208,2247028,camara,congresso-remoto,2020-04-06,88,0,0.88,0,0.44
208,2247028,camara,congresso-remoto,2020-04-13,88,0,0.88,0,0.44
208,2247028,camara,congresso-remoto,2020-04-20,100,0,1,0,0.5
208,2247028,camara,congresso-remoto,2020-04-27,57,0,0.57,0,0.285
208,2247028,camara,congresso-remoto,2020-05-04,56,0,0.56,0,0.28
208,2247028,camara,congresso-remoto,2020-05-11,56,0,0.56,0,0.28
208,2247028,camara,congresso-remoto,2020-05-18,44,0,0.44,0,0.22
208,2247028,camara,congresso-remoto,2020-05-25,43,0,0.43,0,0.215
208,2247028,camara,congresso-remoto,2020-06-01,0,0,0,0,0
208,2247028,camara,congresso-remoto,2020-06-08,0,0,0,0,0
229,2249984,camara,congresso-remoto,2020-04-13,0,0,0,0,0
229,2249984,camara,congresso-remoto,2020-04-20,0,0,0,0,0
229,2249984,camara,congresso-remoto,2020-04-27,0,0,0,0,0
229,2249984,camara,congresso-remoto,2020-05-04,0,0,0,0,0
229,2249984,camara,congresso-remoto,2020-05-11,0,0,0,0,0
229,2249984,camara,congresso-remoto,2020-05-18,100,0,1,0,0.5
229,2249984,camara,congresso-remoto,2020-05-25,0,0,0,0,0
229,2249984,camara,congresso-remoto,2020-06-01,0,0,0,0,0
229,2249984,camara,congresso-remoto,2020-06-08,0,0,0,0,0
230,2247980,camara,congresso-remoto,2020-04-06,0,0,0,0,0
230,2247980,camara,congresso-remoto,2020-04-13,0,0,0,0,0
230,2247980,camara,congresso-remoto,2020-04-20,100,0,1,0,0.5
230,2247980,camara,congresso-remoto,2020-04-27,0,0,0,0,0
230,2247980,camara,congresso-remoto,2020-05-04,0,0,0,0,0
230,2247980,camara,congresso-remoto,2020-05-11,0,0,0,0,0
230,2247980,camara,congresso-remoto,2020-05-18,0,0,0,0,0
230,2247980,camara,congresso-remoto,2020-05-25,0,0,0,0,0
230,2247980,camara,congresso-remoto,2020-06-01,0,0,0,0,0
230,2247980,camara,congresso-remoto,2020-06-08,0,0,0,0,0
231,2249851,camara,congresso-remoto,2020-04-13,0,0,0,0,0
231,2249851,camara,congresso-remoto,2020-04-20,98,0,0.98,0,0.49
231,2249851,camara,congresso-remoto,2020-04-27,0,0,0,0,0
231,2249851,camara,congresso-remoto,2020-05-04,0,0,0,0,0
231,2249851,camara,congresso-remoto,2020-05-11,0,0,0,0,0
231,2249851,camara,congresso-remoto,2020-05-18,96,0,0.96,0,0.48
231,2249851,camara,congresso-remoto,2020-05-25,100,0,1,0,0.5
231,2249851,camara,congresso-remoto,2020-06-01,90,0,0.9,0,0.45
231,2249851,camara,congresso-remoto,2020-06-08,0,0,0,0,0
232,2249938,camara,congresso-remoto,2020-04-13,0,0,0,0,0
232,2249938,camara,congresso-remoto,2020-04-20,100,0,1,0,0.5
232,2249938,camara,congresso-remoto,2020-04-27,0,0,0,0,0
232,2249938,camara,congresso-remoto,2020-05-04,0,0,0,0,0
232,2249938,camara,congresso-remoto,2020-05-11,0,0,0,0,0
232,2249938,camara,congresso-remoto,2020-05-18,100,0,1,0,0.5
232,2249938,camara,congresso-remoto,2020-05-25,0,0,0,0,0
232,2249938,camara,congresso-remoto,2020-06-01,0,0,0,0,0
232,2249938,camara,congresso-remoto,2020-06-08,0,0,0,0,0
235,2247564,camara,congresso-remoto,2020-04-06,30,0,0.3,0,0.15
235,2247564,camara,congresso-remoto,2020-04-13,93,0,0.93,0,0.465
235,2247564,camara,congresso-remoto,2020-04-20,37,0,0.37,0,0.185
235,2247564,camara,congresso-remoto,2020-04-27,30,0,0.3,0,0.15
235,2247564,camara,congresso-remoto,2020-05-04,33,0,0.33,0,0.165
235,2247564,camara,congresso-remoto,2020-05-11,59,0,0.59,0,0.295
235,2247564,camara,congresso-remoto,2020-05-18,44,0,0.44,0,0.22
235,2247564,camara,congresso-remoto,2020-05-25,31,0,0.31,0,0.155
235,2247564,camara,congresso-remoto,2020-06-01,30,0,0.3,0,0.15
235,2247564,camara,congresso-remoto,2020-06-08,100,0,1,0,0.5
271,141188,senado,congresso-remoto,2020-03-23,0,0,0,0,0
271,141188,senado,congresso-remoto,2020-03-30,0,0,0,0,0
271,141188,senado,congresso-remoto,2020-04-06,0,0,0,0,0
271,141188,senado,congresso-remoto,2020-04-13,12,0,0.12,0,0.06
271,141188,senado,congresso-remoto,2020-04-20,0,0,0,0,0
271,141188,senado,congresso-remoto,2020-04-27,57,0,0.57,0,0.285
271,141188,senado,congresso-remoto,2020-05-04,63,0,0.63,0,0.315
271,141188,senado,congresso-remoto,2020-05-11,76,0,0.76,0,0.38
271,141188,senado,congresso-remoto,2020-05-18,88,0,0.88,0,0.44
271,141188,senado,congresso-remoto,2020-05-25,100,0,1,0,0.5
271,141188,senado,congresso-remoto,2020-06-01,20,0,0.2,0,0.1
271,141188,senado,congresso-remoto,2020-06-08,20,0,0.2,0,0.1
280,2241858,camara,congresso-remoto,2020-03-23,0,0,0,0,0
280,2241858,camara,congresso-remoto,2020-03-30,84,0,0.84,0,0.42
280,2241858,camara,congresso-remoto,2020-04-06,100,0,1,0,0.5
280,2241858,camara,congresso-remoto,2020-04-13,84,0,0.84,0,0.42
280,2241858,camara,congresso-remoto,2020-04-20,81,0,0.81,0,0.405
280,2241858,camara,congresso-remoto,2020-04-27,0,0,0,0,0
280,2241858,camara,congresso-remoto,2020-05-04,0,0,0,0,0
280,2241858,camara,congresso-remoto,2020-05-11,84,0,0.84,0,0.42
280,2241858,camara,congresso-remoto,2020-05-18,0,0,0,0,0
280,2241858,camara,congresso-remoto,2020-05-25,0,0,0,0,0
280,2241858,camara,congresso-remoto,2020-06-01,81,0,0.81,0,0.405
280,2241858,camara,congresso-remoto,2020-06-08,93,0,0.93,0,0.465
292,2243066,camara,congresso-remoto,2020-03-30,0,0,0,0,0
292,2243066,camara,congresso-remoto,2020-04-06,0,0,0,0,0
292,2243066,camara,congresso-remoto,2020-04-13,0,0,0,0,0
292,2243066,camara,congresso-remoto,2020-04-20,0,0,0,0,0
292,2243066,camara,congresso-remoto,2020-04-27,0,0,0,0,0
292,2243066,camara,congresso-remoto,2020-05-04,0,0,0,0,0
292,2243066,camara,congresso-remoto,2020-05-11,0,0,0,0,0
292,2243066,camara,congresso-remoto,2020-05-18,0,0,0,0,0
292,2243066,camara,congresso-remoto,2020-05-25,0,0,0,0,0
292,2243066,camara,congresso-remoto,2020-06-01,100,0,1,0,0.5
292,2243066,camara,congresso-remoto,2020-06-08,0,0,0,0,0
307,2239120,camara,congresso-remoto,2020-03-16,99,0,0.99,0,0.495
307,2239120,camara,congresso-remoto,2020-03-23,0,0,0,0,0
307,2239120,camara,congresso-remoto,2020-03-30,0,0,0,0,0
307,2239120,camara,congresso-remoto,2020-04-06,0,0,0,0,0
307,2239120,camara,congresso-remoto,2020-04-13,0,0,0,0,0
307,2239120,camara,congresso-remoto,2020-04-20,0,0,0,0,0
307,2239120,camara,congresso-remoto,2020-04-27,0,0,0,0,0
307,2239120,camara,congresso-remoto,2020-05-04,0,0,0,0,0
307,2239120,camara,congresso-remoto,2020-05-11,0,0,0,0,0
307,2239120,camara,congresso-remoto,2020-05-18,100,0,1,0,0.5
307,2239120,camara,congresso-remoto,2020-05-25,0,0,0,0,0
307,2239120,camara,congresso-remoto,2020-06-01,0,0,0,0,0
307,2239120,camara,congresso-remoto,2020-06-08,0,0,0,0,0
319,2241881,camara,congresso-remoto,2020-03-23,100,0,1,0,0.5
319,2241881,camara,congresso-remoto,2020-03-30,0,0,0,0,0
319,2241881,camara,congresso-remoto,2020-04-06,0,0,0,0,0
319,2241881,camara,congresso-remoto,2020-04-13,0,0,0,0,0
319,2241881,camara,congresso-remoto,2020-04-20,0,0,0,0,0
319,2241881,camara,congresso-remoto,2020-04-27,0,0,0,0,0
319,2241881,camara,congresso-remoto,2020-05-04,0,0,0,0,0
319,2241881,camara,congresso-remoto,2020-05-11,0,0,0,0,0
319,2241881,camara,congresso-remoto,2020-05-18,0,0,0,0,0
319,2241881,camara,congresso-remoto,2020-05-25,0,0,0,0,0
319,2241881,camara,congresso-remoto,2020-06-01,0,0,0,0,0
319,2241881,camara,congresso-remoto,2020-06-08,0,0,0,0,0
351,2253050,camara,congresso-remoto,2020-05-18,100,0,1,0,0.5
351,2253050,camara,congresso-remoto,2020-05-25,0,0,0,0,0
351,2253050,camara,congresso-remoto,2020-06-01,0,0,0,0,0
351,2253050,camara,congresso-remoto,2020-06-08,0,0,0,0,0
355,2241701,camara,congresso-remoto,2020-03-16,0,0,0,0,0
355,2241701,camara,congresso-remoto,2020-03-23,38,0,0.38,0,0.19
355,2241701,camara,congresso-remoto,2020-03-30,37,0,0.37,0,0.185
355,2241701,camara,congresso-remoto,2020-04-06,0,0,0,0,0
355,2241701,camara,congresso-remoto,2020-04-13,35,0,0.35,0,0.175
355,2241701,camara,congresso-remoto,2020-04-20,100,0,1,0,0.5
355,2241701,camara,congresso-remoto,2020-04-27,0,0,0,0,0
355,2241701,camara,congresso-remoto,2020-05-04,36,0,0.36,0,0.18
355,2241701,camara,congresso-remoto,2020-05-11,41,0,0.41,0,0.205
355,2241701,camara,congresso-remoto,2020-05-18,0,0,0,0,0
355,2241701,camara,congresso-remoto,2020-05-25,0,0,0,0,0
355,2241701,camara,congresso-remoto,2020-06-01,31,0,0.31,0,0.155
355,2241701,camara,congresso-remoto,2020-06-08,0,0,0,0,0
360,2239494,camara,congresso-remoto,2020-03-16,0,0,0,0,0
360,2239494,camara,congresso-remoto,2020-03-23,0,0,0,0,0
360,2239494,camara,congresso-remoto,2020-03-30,100,0,1,0,0.5
360,2239494,camara,congresso-remoto,2020-04-06,51,0,0.51,0,0.255
360,2239494,camara,congresso-remoto,2020-04-13,0,0,0,0,0
360,2239494,camara,congresso-remoto,2020-04-20,53,0,0.53,0,0.265
360,2239494,camara,congresso-remoto,2020-04-27,0,0,0,0,0
360,2239494,camara,congresso-remoto,2020-05-04,0,0,0,0,0
360,2239494,camara,congresso-remoto,2020-05-11,53,0,0.53,0,0.265
360,2239494,camara,congresso-remoto,2020-05-18,0,0,0,0,0
360,2239494,camara,congresso-remoto,2020-05-25,53,0,0.53,0,0.265
360,2239494,camara,congresso-remoto,2020-06-01,0,0,0,0,0
360,2239494,camara,congresso-remoto,2020-06-08,0,0,0,0,0
361,2239623,camara,congresso-remoto,2020-03-16,0,0,0,0,0
361,2239623,camara,congresso-remoto,2020-03-23,0,0,0,0,0
361,2239623,camara,congresso-remoto,2020-03-30,0,0,0,0,0
361,2239623,camara,congresso-remoto,2020-04-06,100,0,1,0,0.5
361,2239623,camara,congresso-remoto,2020-04-13,0,0,0,0,0
361,2239623,camara,congresso-remoto,2020-04-20,0,0,0,0,0
361,2239623,camara,congresso-remoto,2020-04-27,0,0,0,0,0
361,2239623,camara,congresso-remoto,2020-05-04,100,0,1,0,0.5
361,2239623,camara,congresso-remoto,2020-05-11,94,0,0.94,0,0.47
361,2239623,camara,congresso-remoto,2020-05-18,0,0,0,0,0
361,2239623,camara,congresso-remoto,2020-05-25,94,0,0.94,0,0.47
361,2239623,camara,congresso-remoto,2020-06-01,0,0,0,0,0
361,2239623,camara,congresso-remoto,2020-06-08,0,0,0,0,0
375,2241679,camara,congresso-remoto,2020-03-16,0,0,0,0,0
375,2241679,camara,congresso-remoto,2020-03-23,0,0,0,0,0
375,2241679,camara,congresso-remoto,2020-03-30,0,0,0,0,0
375,2241679,camara,congresso-remoto,2020-04-06,0,0,0,0,0
375,2241679,camara,congresso-remoto,2020-04-13,100,0,1,0,0.5
375,2241679,camara,congresso-remoto,2020-04-20,0,0,0,0,0
375,2241679,camara,congresso-remoto,2020-04-27,0,0,0,0,0
375,2241679,camara,congresso-remoto,2020-05-04,0,0,0,0,0
375,2241679,camara,congresso-remoto,2020-05-11,0,0,0,0,0
375,2241679,camara,congresso-remoto,2020-05-18,0,0,0,0,0
375,2241679,camara,congresso-remoto,2020-05-25,0,0,0,0,0
375,2241679,camara,congresso-remoto,2020-06-01,0,0,0,0,0
375,2241679,camara,congresso-remoto,2020-06-08,0,0,0,0,0
385,2241944,camara,congresso-remoto,2020-03-23,0,0,0,0,0
385,2241944,camara,congresso-remoto,2020-03-30,0,0,0,0,0
385,2241944,camara,congresso-remoto,2020-04-06,100,0,1,0,0.5
385,2241944,camara,congresso-remoto,2020-04-13,95,0,0.95,0,0.475
385,2241944,camara,congresso-remoto,2020-04-20,0,0,0,0,0
385,2241944,camara,congresso-remoto,2020-04-27,0,0,0,0,0
385,2241944,camara,congresso-remoto,2020-05-04,0,0,0,0,0
385,2241944,camara,congresso-remoto,2020-05-11,0,0,0,0,0
385,2241944,camara,congresso-remoto,2020-05-18,0,0,0,0,0
385,2241944,camara,congresso-remoto,2020-05-25,0,0,0,0,0
385,2241944,camara,congresso-remoto,2020-06-01,0,0,0,0,0
385,2241944,camara,congresso-remoto,2020-06-08,0,0,0,0,0
413,2242230,camara,congresso-remoto,2020-03-23,0,0,0,0,0
413,2242230,camara,congresso-remoto,2020-03-30,0,0,0,0,0
413,2242230,camara,congresso-remoto,2020-04-06,0,0,0,0,0
413,2242230,camara,congresso-remoto,2020-04-13,100,0,1,0,0.5
413,2242230,camara,congresso-remoto,2020-04-20,93,0,0.93,0,0.465
413,2242230,camara,congresso-remoto,2020-04-27,0,0,0,0,0
413,2242230,camara,congresso-remoto,2020-05-04,0,0,0,0,0
413,2242230,camara,congresso-remoto,2020-05-11,0,0,0,0,0
413,2242230,camara,congresso-remoto,2020-05-18,81,0,0.81,0,0.405
413,2242230,camara,congresso-remoto,2020-05-25,0,0,0,0,0
413,2242230,camara,congresso-remoto,2020-06-01,75,0,0.75,0,0.375
413,2242230,camara,congresso-remoto,2020-06-08,0,0,0,0,0
42,606722,camara,leggo,2019-12-16,42,0,0.42,0,0.21
42,606722,camara,leggo,2019-12-23,40,0,0.4,0,0.2
42,606722,camara,leggo,2019-12-30,59,0,0.59,0,0.295
42,606722,camara,leggo,2020-01-06,29,0,0.29,0,0.145
42,606722,camara,leggo,2020-01-13,55,0,0.55,0,0.275
42,606722,camara,leggo,2020-01-20,28,0,0.28,0,0.14
42,606722,camara,leggo,2020-01-27,36,0,0.36,0,0.18
42,606722,camara,leggo,2020-02-03,28,0,0.28,0,0.14
42,606722,camara,leggo,2020-02-10,34,0,0.34,0,0.17
42,606722,camara,leggo,2020-02-17,100,0,1,0,0.5
42,606722,camara,leggo,2020-02-24,63,0,0.63,0,0.315
42,606722,camara,leggo,2020-03-02,65,0,0.65,0,0.325
42,606722,camara,leggo,2020-03-09,39,0,0.39,0,0.195
42,606722,camara,leggo,2020-03-16,31,0,0.31,0,0.155
42,606722,camara,leggo,2020-03-23,76,0,0.76,0,0.38
42,606722,camara,leggo,2020-03-30,62,0,0.62,0,0.31
42,606722,camara,leggo,2020-04-06,58,0,0.58,0,0.29
42,606722,camara,leggo,2020-04-13,73,0,0.73,0,0.365
42,606722,camara,leggo,2020-04-20,86,0,0.86,0,0.43
42,606722,camara,leggo,2020-04-27,30,0,0.3,0,0.15
42,606722,camara,leggo,2020-05-04,25,0,0.25,0,0.125
42,606722,camara,leggo,2020-05-11,47,0,0.47,0,0.235
42,606722,camara,leggo,2020-05-18,71,0,0.71,0,0.355
42,606722,camara,leggo,2020-05-25,69,0,0.69,0,0.345
42,606722,camara,leggo,2020-06-01,61,0,0.61,0,0.305
42,606722,camara,leggo,2020-06-08,47,0,0.47,0,0.235
42,606722,camara,primeira-infancia,2019-12-16,0,0,0,0,0
42,606722,camara,primeira-infancia,2019-12-23,0,0,0,0,0
42,606722,camara,primeira-infancia,2019-12-30,0,0,0,0,0
42,606722,camara,primeira-infancia,2020-01-06,0,0,0,0,0
42,606722,camara,primeira-infancia,2020-01-13,0,0,0,0,0
42,606722,camara,primeira-infancia,2020-01-20,0,0,0,0,0
42,606722,camara,primeira-infancia,2020-01-27,0,0,0,0,0
42,606722,camara,primeira-infancia,2020-02-03,0,0,0,0,0
42,606722,camara,primeira-infancia,2020-02-10,0,0,0,0,0
42,606722,camara,primeira-infancia,2020-02-17,0,0,0,0,0
42,606722,camara,primeira-infancia,2020-02-24,0,0,0,0,0
42,606722,camara,primeira-infancia,2020-03-02,0,0,0,0,0
42,606722,camara,primeira-infancia,2020-03-09,0,0,0,0,0
42,606722,camara,primeira-infancia,2020-03-16,100,0,1,0,0.5
42,606722,camara,primeira-infancia,2020-03-23,0,0,0,0,0
42,606722,camara,primeira-infancia,2020-03-30,0,0,0,0,0
42,606722,camara,primeira-infancia,2020-04-06,0,0,0,0,0
42,606722,camara,primeira-infancia,2020-04-13,0,0,0,0,0
42,606722,camara,primeira-infancia,2020-04-20,0,0,0,0,0
42,606722,camara,primeira-infancia,2020-04-27,0,0,0,0,0
42,606722,camara,primeira-infancia,2020-05-04,0,0,0,0,0
42,606722,camara,primeira-infancia,2020-05-11,0,0,0,0,0
42,606722,camara,primeira-infancia,2020-05-18,0,0,0,0,0
42,606722,camara,primeira-infancia,2020-05-25,0,0,0,0,0
42,606722,camara,primeira-infancia,2020-06-01,0,0,0,0,0
42,606722,camara,primeira-infancia,2020-06-08,0,0,0,0,0
424,2242379,camara,congresso-remoto,2020-03-23,0,0,0,0,0
424,2242379,camara,congresso-remoto,2020-03-30,100,0,1,0,0.5
424,2242379,camara,congresso-remoto,2020-04-06,0,0,0,0,0
424,2242379,camara,congresso-remoto,2020-04-13,0,0,0,0,0
424,2242379,camara,congresso-remoto,2020-04-20,0,0,0,0,0
424,2242379,camara,congresso-remoto,2020-04-27,90,0,0.9,0,0.45
424,2242379,camara,congresso-remoto,2020-05-04,0,0,0,0,0
424,2242379,camara,congresso-remoto,2020-05-11,0,0,0,0,0
424,2242379,camara,congresso-remoto,2020-05-18,93,0,0.93,0,0.465
424,2242379,camara,congresso-remoto,2020-05-25,0,0,0,0,0
424,2242379,camara,congresso-remoto,2020-06-01,0,0,0,0,0
424,2242379,camara,congresso-remoto,2020-06-08,0,0,0,0,0
426,2242798,camara,congresso-remoto,2020-03-30,100,0,1,0,0.5
426,2242798,camara,congresso-remoto,2020-04-06,0,0,0,0,0
426,2242798,camara,congresso-remoto,2020-04-13,0,0,0,0,0
426,2242798,camara,congresso-remoto,2020-04-20,0,0,0,0,0
426,2242798,camara,congresso-remoto,2020-04-27,0,0,0,0,0
426,2242798,camara,congresso-remoto,2020-05-04,0,0,0,0,0
426,2242798,camara,congresso-remoto,2020-05-11,0,0,0,0,0
426,2242798,camara,congresso-remoto,2020-05-18,0,0,0,0,0
426,2242798,camara,congresso-remoto,2020-05-25,0,0,0,0,0
426,2242798,camara,congresso-remoto,2020-06-01,0,0,0,0,0
426,2242798,camara,congresso-remoto,2020-06-08,0,0,0,0,0
512,2252895,camara,congresso-remoto,2020-05-11,0,0,0,0,0
512,2252895,camara,congresso-remoto,2020-05-18,98,0,0.98,0,0.49
512,2252895,camara,congresso-remoto,2020-05-25,0,0,0,0,0
512,2252895,camara,congresso-remoto,2020-06-01,93,0,0.93,0,0.465
512,2252895,camara,congresso-remoto,2020-06-08,100,0,1,0,0.5
518,2252589,camara,congresso-remoto,2020-05-11,97,0,0.97,0,0.485
518,2252589,camara,congresso-remoto,2020-05-18,99,0,0.99,0,0.495
518,2252589,camara,congresso-remoto,2020-05-25,100,0,1,0,0.5
518,2252589,camara,congresso-remoto,2020-06-01,0,0,0,0,0
518,2252589,camara,congresso-remoto,2020-06-08,0,0,0,0,0
519,2241921,camara,congresso-remoto,2020-03-23,0,0,0,0,0
519,2241921,camara,congresso-remoto,2020-03-30,100,0,1,0,0.5
519,2241921,camara,congresso-remoto,2020-04-06,0,0,0,0,0
519,2241921,camara,congresso-remoto,2020-04-13,0,0,0,0,0
519,2241921,camara,congresso-remoto,2020-04-20,0,0,0,0,0
519,2241921,camara,congresso-remoto,2020-04-27,0,0,0,0,0
519,2241921,camara,congresso-remoto,2020-05-04,0,0,0,0,0
519,2241921,camara,congresso-remoto,2020-05-11,0,0,0,0,0
519,2241921,camara,congresso-remoto,2020-05-18,0,0,0,0,0
519,2241921,camara,congresso-remoto,2020-05-25,0,0,0,0,0
519,2241921,camara,congresso-remoto,2020-06-01,0,0,0,0,0
519,2241921,camara,congresso-remoto,2020-06-08,0,0,0,0,0
526,141436,senado,congresso-remoto,2020-03-30,0,0,0,0,0
526,141436,senado,congresso-remoto,2020-04-06,0,0,0,0,0
526,141436,senado,congresso-remoto,2020-04-13,0,0,0,0,0
526,141436,senado,congresso-remoto,2020-04-20,0,0,0,0,0
526,141436,senado,congresso-remoto,2020-04-27,0,0,0,0,0
526,141436,senado,congresso-remoto,2020-05-04,0,0,0,0,0
526,141436,senado,congresso-remoto,2020-05-11,0,0,0,0,0
526,141436,senado,congresso-remoto,2020-05-18,0,0,0,0,0
526,141436,senado,congresso-remoto,2020-05-25,98,0,0.98,0,0.49
526,141436,senado,congresso-remoto,2020-06-01,98,0,0.98,0,0.49
526,141436,senado,congresso-remoto,2020-06-08,100,0,1,0,0.5
543,2253471,camara,congresso-remoto,2020-05-18,0,0,0,0,0
543,2253471,camara,congresso-remoto,2020-05-25,78,0,0.78,0,0.39
543,2253471,camara,congresso-remoto,2020-06-01,100,0,1,0,0.5
543,2253471,camara,congresso-remoto,2020-06-08,100,0,1,0,0.5
560,141368,senado,congresso-remoto,2020-03-30,0,0,0,0,0
560,141368,senado,congresso-remoto,2020-04-06,0,0,0,0,0
560,141368,senado,congresso-remoto,2020-04-13,0,0,0,0,0
560,141368,senado,congresso-remoto,2020-04-20,0,0,0,0,0
560,141368,senado,congresso-remoto,2020-04-27,0,0,0,0,0
560,141368,senado,congresso-remoto,2020-05-04,0,0,0,0,0
560,141368,senado,congresso-remoto,2020-05-11,48,0,0.48,0,0.24
560,141368,senado,congresso-remoto,2020-05-18,40,0,0.4,0,0.2
560,141368,senado,congresso-remoto,2020-05-25,100,0,1,0,0.5
560,141368,senado,congresso-remoto,2020-06-01,0,0,0,0,0
560,141368,senado,congresso-remoto,2020-06-08,50,0,0.5,0,0.25
68,128634,senado,leggo,2019-12-16,0,0,0,0,0
68,128634,senado,leggo,2019-12-23,0,0,0,0,0
68,128634,senado,leggo,2019-12-30,0,0,0,0,0
68,128634,senado,leggo,2020-01-06,0,0,0,0,0
68,128634,senado,leggo,2020-01-13,0,0,0,0,0
68,128634,senado,leggo,2020-01-20,0,0,0,0,0
68,128634,senado,leggo,2020-01-27,100,0,1,0,0.5
68,128634,senado,leggo,2020-02-03,0,0,0,0,0
68,128634,senado,leggo,2020-02-10,0,0,0,0,0
68,128634,senado,leggo,2020-02-17,0,0,0,0,0
68,128634,senado,leggo,2020-02-24,0,0,0,0,0
68,128634,senado,leggo,2020-03-02,0,0,0,0,0
68,128634,senado,leggo,2020-03-09,0,0,0,0,0
68,128634,senado,leggo,2020-03-16,0,0,0,0,0
68,128634,senado,leggo,2020-03-23,0,0,0,0,0
68,128634,senado,leggo,2020-03-30,0,0,0,0,0
68,128634,senado,leggo,2020-04-06,0,0,0,0,0
68,128634,senado,leggo,2020-04-13,0,0,0,0,0
68,128634,senado,leggo,2020-04-20,0,0,0,0,0
68,128634,senado,leggo,2020-04-27,0,0,0,0,0
68,128634,senado,leggo,2020-05-04,0,0,0,0,0
68,128634,senado,leggo,2020-05-11,0,0,0,0,0
68,128634,senado,leggo,2020-05-18,0,0,0,0,0
68,128634,senado,leggo,2020-05-25,0,0,0,0,0
68,128634,senado,leggo,2020-06-01,0,0,0,0,0
68,128634,senado,leggo,2020-06-08,0,0,0,0,0
69,257161,camara,leggo,2019-12-16,0,0,0,0,0
69,257161,camara,leggo,2019-12-23,59,0,0.59,0,0.295
69,257161,camara,leggo,2019-12-30,52,0,0.52,0,0.26
69,257161,camara,leggo,2020-01-06,36,0,0.36,0,0.18
69,257161,camara,leggo,2020-01-13,0,0,0,0,0
69,257161,camara,leggo,2020-01-20,39,0,0.39,0,0.195
69,257161,camara,leggo,2020-01-27,50,0,0.5,0,0.25
69,257161,camara,leggo,2020-02-03,37,0,0.37,0,0.185
69,257161,camara,leggo,2020-02-10,40,0,0.4,0,0.2
69,257161,camara,leggo,2020-02-17,48,0,0.48,0,0.24
69,257161,camara,leggo,2020-02-24,33,0,0.33,0,0.165
69,257161,camara,leggo,2020-03-02,46,0,0.46,0,0.23
69,257161,camara,leggo,2020-03-09,35,0,0.35,0,0.175
69,257161,camara,leggo,2020-03-16,85,0,0.85,0,0.425
69,257161,camara,leggo,2020-03-23,42,0,0.42,0,0.21
69,257161,camara,leggo,2020-03-30,36,0,0.36,0,0.18
69,257161,camara,leggo,2020-04-06,41,0,0.41,0,0.205
69,257161,camara,leggo,2020-04-13,34,0,0.34,0,0.17
69,257161,camara,leggo,2020-04-20,49,0,0.49,0,0.245
69,257161,camara,leggo,2020-04-27,66,0,0.66,0,0.33
69,257161,camara,leggo,2020-05-04,44,0,0.44,0,0.22
69,257161,camara,leggo,2020-05-11,32,0,0.32,0,0.16
69,257161,camara,leggo,2020-05-18,34,0,0.34,0,0.17
69,257161,camara,leggo,2020-05-25,100,0,1,0,0.5
69,257161,camara,leggo,2020-06-01,82,0,0.82,0,0.41
69,257161,camara,leggo,2020-06-08,42,0,0.42,0,0.21
70,132865,senado,leggo,2019-12-16,0,0,0,0,0
70,132865,senado,leggo,2019-12-23,0,0,0,0,0
70,132865,senado,leggo,2019-12-30,0,0,0,0,0
70,132865,senado,leggo,2020-01-06,0,0,0,0,0
70,132865,senado,leggo,2020-01-13,0,0,0,0,0
70,132865,senado,leggo,2020-01-20,0,0,0,0,0
70,132865,senado,leggo,2020-01-27,0,0,0,0,0
70,132865,senado,leggo,2020-02-03,0,0,0,0,0
70,132865,senado,leggo,2020-02-10,0,0,0,0,0
70,132865,senado,leggo,2020-02-17,0,0,0,0,0
70,132865,senado,leggo,2020-02-24,78,0,0.78,0,0.39
70,132865,senado,leggo,2020-03-02,100,0,1,0,0.5
70,132865,senado,leggo,2020-03-09,0,0,0,0,0
70,132865,senado,leggo,2020-03-16,0,0,0,0,0
70,132865,senado,leggo,2020-03-23,0,0,0,0,0
70,132865,senado,leggo,2020-03-30,70,0,0.7,0,0.35
70,132865,senado,leggo,2020-04-06,0,0,0,0,0
70,132865,senado,leggo,2020-04-13,72,0,0.72,0,0.36
70,132865,senado,leggo,2020-04-20,0,0,0,0,0
70,132865,senado,leggo,2020-04-27,0,0,0,0,0
70,132865,senado,leggo,2020-05-04,0,0,0,0,0
70,132865,senado,leggo,2020-05-11,71,0,0.71,0,0.355
70,132865,senado,leggo,2020-05-18,90,0,0.9,0,0.45
70,132865,senado,leggo,2020-05-25,0,0,0,0,0
70,132865,senado,leggo,2020-06-01,0,0,0,0,0
70,132865,senado,leggo,2020-06-08,0,0,0,0,0
71,91341,senado,leggo,2019-12-16,0,0,0,0,0
71,91341,senado,leggo,2019-12-23,0,0,0,0,0
71,91341,senado,leggo,2019-12-30,0,0,0,0,0
71,91341,senado,leggo,2020-01-06,0,0,0,0,0
71,91341,senado,leggo,2020-01-13,0,0,0,0,0
71,91341,senado,leggo,2020-01-20,0,0,0,0,0
71,91341,senado,leggo,2020-01-27,0,0,0,0,0
71,91341,senado,leggo,2020-02-03,0,0,0,0,0
71,91341,senado,leggo,2020-02-10,0,0,0,0,0
71,91341,senado,leggo,2020-02-17,84,0,0.84,0,0.42
71,91341,senado,leggo,2020-02-24,0,0,0,0,0
71,91341,senado,leggo,2020-03-02,0,0,0,0,0
71,91341,senado,leggo,2020-03-09,0,0,0,0,0
71,91341,senado,leggo,2020-03-16,0,0,0,0,0
71,91341,senado,leggo,2020-03-23,0,0,0,0,0
71,91341,senado,leggo,2020-03-30,0,0,0,0,0
71,91341,senado,leggo,2020-04-06,0,0,0,0,0
71,91341,senado,leggo,2020-04-13,77,0,0.77,0,0.385
71,91341,senado,leggo,2020-04-20,0,0,0,0,0
71,91341,senado,leggo,2020-04-27,95,0,0.95,0,0.475
71,91341,senado,leggo,2020-05-04,75,0,0.75,0,0.375
71,91341,senado,leggo,2020-05-11,76,0,0.76,0,0.38
71,91341,senado,leggo,2020-05-18,75,0,0.75,0,0.375
71,91341,senado,leggo,2020-05-25,0,0,0,0,0
71,91341,senado,leggo,2020-06-01,100,0,1,0,0.5
71,91341,senado,leggo,2020-06-08,85,0,0.85,0,0.425
72,41703,senado,leggo,2019-12-16,0,0,0,0,0
72,41703,senado,leggo,2019-12-23,0,0,0,0,0
72,41703,senado,leggo,2019-12-30,0,0,0,0,0
72,41703,senado,leggo,2020-01-06,0,0,0,0,0
72,41703,senado,leggo,2020-01-13,0,0,0,0,0
72,41703,senado,leggo,2020-01-20,0,0,0,0,0
72,41703,senado,leggo,2020-01-27,0,0,0,0,0
72,41703,senado,leggo,2020-02-03,0,0,0,0,0
72,41703,senado,leggo,2020-02-10,100,0,1,0,0.5
72,41703,senado,leggo,2020-02-17,0,0,0,0,0
72,41703,senado,leggo,2020-02-24,0,0,0,0,0
72,41703,senado,leggo,2020-03-02,75,0,0.75,0,0.375
72,41703,senado,leggo,2020-03-09,77,0,0.77,0,0.385
72,41703,senado,leggo,2020-03-16,0,0,0,0,0
72,41703,senado,leggo,2020-03-23,0,0,0,0,0
72,41703,senado,leggo,2020-03-30,0,0,0,0,0
72,41703,senado,leggo,2020-04-06,84,0,0.84,0,0.42
72,41703,senado,leggo,2020-04-13,0,0,0,0,0
72,41703,senado,leggo,2020-04-20,0,0,0,0,0
72,41703,senado,leggo,2020-04-27,0,0,0,0,0
72,41703,senado,leggo,2020-05-04,70,0,0.7,0,0.35
72,41703,senado,leggo,2020-05-11,0,0,0,0,0
72,41703,senado,leggo,2020-05-18,0,0,0,0,0
72,41703,senado,leggo,2020-05-25,0,0,0,0,0
72,41703,senado,leggo,2020-06-01,0,0,0,0,0
72,41703,senado,leggo,2020-06-08,62,0,0.62,0,0.31
74,345311,camara,leggo,2019-12-16,0,0,0,0,0
74,345311,camara,leggo,2019-12-23,0,0,0,0,0
74,345311,camara,leggo,2019-12-30,86,0,0.86,0,0.43
74,345311,camara,leggo,2020-01-06,63,0,0.63,0,0.315
74,345311,camara,leggo,2020-01-13,54,0,0.54,0,0.27
74,345311,camara,leggo,2020-01-20,0,0,0,0,0
74,345311,camara,leggo,2020-01-27,0,0,0,0,0
74,345311,camara,leggo,2020-02-03,64,0,0.64,0,0.32
74,345311,camara,leggo,2020-02-10,0,0,0,0,0
74,345311,camara,leggo,2020-02-17,62,0,0.62,0,0.31
74,345311,camara,leggo,2020-02-24,57,0,0.57,0,0.285
74,345311,camara,leggo,2020-03-02,71,0,0.71,0,0.355
74,345311,camara,leggo,2020-03-09,82,0,0.82,0,0.41
74,345311,camara,leggo,2020-03-16,0,0,0,0,0
74,345311,camara,leggo,2020-03-23,65,0,0.65,0,0.325
74,345311,camara,leggo,2020-03-30,67,0,0.67,0,0.335
74,345311,camara,leggo,2020-04-06,63,0,0.63,0,0.315
74,345311,camara,leggo,2020-04-13,78,0,0.78,0,0.39
74,345311,camara,leggo,2020-04-20,51,0,0.51,0,0.255
74,345311,camara,leggo,2020-04-27,75,0,0.75,0,0.375
74,345311,camara,leggo,2020-05-04,45,0,0.45,0,0.225
74,345311,camara,leggo,2020-05-11,100,0,1,0,0.5
74,345311,camara,leggo,2020-05-18,50,0,0.5,0,0.25
74,345311,camara,leggo,2020-05-25,55,0,0.55,0,0.275
74,345311,camara,leggo,2020-06-01,64,0,0.64,0,0.32
74,345311,camara,leggo,2020-06-08,58,0,0.58,0,0.29
77,115926,senado,leggo,2019-12-16,0,0,0,0,0
77,115926,senado,leggo,2019-12-23,0,0,0,0,0
77,115926,senado,leggo,2019-12-30,0,0,0,0,0
77,115926,senado,leggo,2020-01-06,0,0,0,0,0
77,115926,senado,leggo,2020-01-13,0,0,0,0,0
77,115926,senado,leggo,2020-01-20,0,0,0,0,0
77,115926,senado,leggo,2020-01-27,0,0,0,0,0
77,115926,senado,leggo,2020-02-03,0,0,0,0,0
77,115926,senado,leggo,2020-02-10,100,0,1,0,0.5
77,115926,senado,leggo,2020-02-17,0,0,0,0,0
77,115926,senado,leggo,2020-02-24,0,0,0,0,0
77,115926,senado,leggo,2020-03-02,0,0,0,0,0
77,115926,senado,leggo,2020-03-09,0,0,0,0,0
77,115926,senado,leggo,2020-03-16,0,0,0,0,0
77,115926,senado,leggo,2020-03-23,0,0,0,0,0
77,115926,senado,leggo,2020-03-30,0,0,0,0,0
77,115926,senado,leggo,2020-04-06,0,0,0,0,0
77,115926,senado,leggo,2020-04-13,0,0,0,0,0
77,115926,senado,leggo,2020-04-20,0,0,0,0,0
77,115926,senado,leggo,2020-04-27,0,0,0,0,0
77,115926,senado,leggo,2020-05-04,0,0,0,0,0
77,115926,senado,leggo,2020-05-11,0,0,0,0,0
77,115926,senado,leggo,2020-05-18,0,0,0,0,0
77,115926,senado,leggo,2020-05-25,0,0,0,0,0
77,115926,senado,leggo,2020-06-01,0,0,0,0,0
77,115926,senado,leggo,2020-06-08,0,0,0,0,0
80,2119881,camara,leggo,2019-12-16,0,0,0,0,0
80,2119881,camara,leggo,2019-12-23,0,0,0,0,0
80,2119881,camara,leggo,2019-12-30,100,0,1,0,0.5
80,2119881,camara,leggo,2020-01-06,0,0,0,0,0
80,2119881,camara,leggo,2020-01-13,0,0,0,0,0
80,2119881,camara,leggo,2020-01-20,72,0,0.72,0,0.36
80,2119881,camara,leggo,2020-01-27,0,0,0,0,0
80,2119881,camara,leggo,2020-02-03,0,0,0,0,0
80,2119881,camara,leggo,2020-02-10,0,0,0,0,0
80,2119881,camara,leggo,2020-02-17,0,0,0,0,0
80,2119881,camara,leggo,2020-02-24,0,0,0,0,0
80,2119881,camara,leggo,2020-03-02,67,0,0.67,0,0.335
80,2119881,camara,leggo,2020-03-09,67,0,0.67,0,0.335
80,2119881,camara,leggo,2020-03-16,0,0,0,0,0
80,2119881,camara,leggo,2020-03-23,0,0,0,0,0
80,2119881,camara,leggo,2020-03-30,0,0,0,0,0
80,2119881,camara,leggo,2020-04-06,62,0,0.62,0,0.31
80,2119881,camara,leggo,2020-04-13,62,0,0.62,0,0.31
80,2119881,camara,leggo,2020-04-20,62,0,0.62,0,0.31
80,2119881,camara,leggo,2020-04-27,0,0,0,0,0
80,2119881,camara,leggo,2020-05-04,0,0,0,0,0
80,2119881,camara,leggo,2020-05-11,61,0,0.61,0,0.305
80,2119881,camara,leggo,2020-05-18,63,0,0.63,0,0.315
80,2119881,camara,leggo,2020-05-25,79,0,0.79,0,0.395
80,2119881,camara,leggo,2020-06-01,57,0,0.57,0,0.285
80,2119881,camara,leggo,2020-06-08,61,0,0.61,0,0.305
81,133943,senado,leggo,2019-12-16,0,0,0,0,0
81,133943,senado,leggo,2019-12-23,0,0,0,0,0
81,133943,senado,leggo,2019-12-30,0,0,0,0,0
81,133943,senado,leggo,2020-01-06,0,0,0,0,0
81,133943,senado,leggo,2020-01-13,100,0,1,0,0.5
81,133943,senado,leggo,2020-01-20,0,0,0,0,0
81,133943,senado,leggo,2020-01-27,0,0,0,0,0
81,133943,senado,leggo,2020-02-03,0,0,0,0,0
81,133943,senado,leggo,2020-02-10,0,0,0,0,0
81,133943,senado,leggo,2020-02-17,0,0,0,0,0
81,133943,senado,leggo,2020-02-24,0,0,0,0,0
81,133943,senado,leggo,2020-03-02,0,0,0,0,0
81,133943,senado,leggo,2020-03-09,0,0,0,0,0
81,133943,senado,leggo,2020-03-16,0,0,0,0,0
81,133943,senado,leggo,2020-03-23,0,0,0,0,0
81,133943,senado,leggo,2020-03-30,0,0,0,0,0
81,133943,senado,leggo,2020-04-06,0,0,0,0,0
81,133943,senado,leggo,2020-04-13,0,0,0,0,0
81,133943,senado,leggo,2020-04-20,0,0,0,0,0
81,133943,senado,leggo,2020-04-27,0,0,0,0,0
81,133943,senado,leggo,2020-05-04,0,0,0,0,0
81,133943,senado,leggo,2020-05-11,0,0,0,0,0
81,133943,senado,leggo,2020-05-18,0,0,0,0,0
81,133943,senado,leggo,2020-05-25,0,0,0,0,0
81,133943,senado,leggo,2020-06-01,0,0,0,0,0
81,133943,senado,leggo,2020-06-08,0,0,0,0,0
86,944279,camara,leggo,2019-12-16,0,0,0,0,0
86,944279,camara,leggo,2019-12-23,0,0,0,0,0
86,944279,camara,leggo,2019-12-30,0,0,0,0,0
86,944279,camara,leggo,2020-01-06,67,0,0.67,0,0.335
86,944279,camara,leggo,2020-01-13,50,0,0.5,0,0.25
86,944279,camara,leggo,2020-01-20,0,0,0,0,0
86,944279,camara,leggo,2020-01-27,0,0,0,0,0
86,944279,camara,leggo,2020-02-03,0,0,0,0,0
86,944279,camara,leggo,2020-02-10,0,0,0,0,0
86,944279,camara,leggo,2020-02-17,44,0,0.44,0,0.22
86,944279,camara,leggo,2020-02-24,56,0,0.56,0,0.28
86,944279,camara,leggo,2020-03-02,48,0,0.48,0,0.24
86,944279,camara,leggo,2020-03-09,43,0,0.43,0,0.215
86,944279,camara,leggo,2020-03-16,0,0,0,0,0
86,944279,camara,leggo,2020-03-23,46,0,0.46,0,0.23
86,944279,camara,leggo,2020-03-30,42,0,0.42,0,0.21
86,944279,camara,leggo,2020-04-06,0,0,0,0,0
86,944279,camara,leggo,2020-04-13,52,0,0.52,0,0.26
86,944279,camara,leggo,2020-04-20,100,0,1,0,0.5
86,944279,camara,leggo,2020-04-27,60,0,0.6,0,0.3
86,944279,camara,leggo,2020-05-04,41,0,0.41,0,0.205
86,944279,camara,leggo,2020-05-11,42,0,0.42,0,0.21
86,944279,camara,leggo,2020-05-18,39,0,0.39,0,0.195
86,944279,camara,leggo,2020-05-25,0,0,0,0,0
86,944279,camara,leggo,2020-06-01,38,0,0.38,0,0.19
86,944279,camara,leggo,2020-06-08,60,0,0.6,0,0.3
87,102721,senado,leggo,2019-12-16,0,0,0,0,0
87,102721,senado,leggo,2019-12-23,0,0,0,0,0
87,102721,senado,leggo,2019-12-30,83,0,0.83,0,0.415
87,102721,senado,leggo,2020-01-06,81,0,0.81,0,0.405
87,102721,senado,leggo,2020-01-13,0,0,0,0,0
87,102721,senado,leggo,2020-01-20,0,0,0,0,0
87,102721,senado,leggo,2020-01-27,100,0,1,0,0.5
87,102721,senado,leggo,2020-02-03,0,0,0,0,0
87,102721,senado,leggo,2020-02-10,0,0,0,0,0
87,102721,senado,leggo,2020-02-17,0,0,0,0,0
87,102721,senado,leggo,2020-02-24,0,0,0,0,0
87,102721,senado,leggo,2020-03-02,71,0,0.71,0,0.355
87,102721,senado,leggo,2020-03-09,0,0,0,0,0
87,102721,senado,leggo,2020-03-16,0,0,0,0,0
87,102721,senado,leggo,2020-03-23,85,0,0.85,0,0.425
87,102721,senado,leggo,2020-03-30,0,0,0,0,0
87,102721,senado,leggo,2020-04-06,0,0,0,0,0
87,102721,senado,leggo,2020-04-13,0,0,0,0,0
87,102721,senado,leggo,2020-04-20,0,0,0,0,0
87,102721,senado,leggo,2020-04-27,0,0,0,0,0
87,102721,senado,leggo,2020-05-04,0,0,0,0,0
87,102721,senado,leggo,2020-05-11,66,0,0.66,0,0.33
87,102721,senado,leggo,2020-05-18,0,0,0,0,0
87,102721,senado,leggo,2020-05-25,0,0,0,0,0
87,102721,senado,leggo,2020-06-01,0,0,0,0,0
87,102721,senado,leggo,2020-06-08,0,0,0,0,0
89,111048,senado,leggo,2019-12-16,0,0,0,0,0
89,111048,senado,leggo,2019-12-23,0,0,0,0,0
89,111048,senado,leggo,2019-12-30,100,0,1,0,0.5
89,111048,senado,leggo,2020-01-06,73,0,0.73,0,0.365
89,111048,senado,leggo,2020-01-13,0,0,0,0,0
89,111048,senado,leggo,2020-01-20,71,0,0.71,0,0.355
89,111048,senado,leggo,2020-01-27,0,0,0,0,0
89,111048,senado,leggo,2020-02-03,70,0,0.7,0,0.35
89,111048,senado,leggo,2020-02-10,72,0,0.72,0,0.36
89,111048,senado,leggo,2020-02-17,65,0,0.65,0,0.325
89,111048,senado,leggo,2020-02-24,78,0,0.78,0,0.39
89,111048,senado,leggo,2020-03-02,81,0,0.81,0,0.405
89,111048,senado,leggo,2020-03-09,0,0,0,0,0
89,111048,senado,leggo,2020-03-16,0,0,0,0,0
89,111048,senado,leggo,2020-03-23,67,0,0.67,0,0.335
89,111048,senado,leggo,2020-03-30,65,0,0.65,0,0.325
89,111048,senado,leggo,2020-04-06,62,0,0.62,0,0.31
89,111048,senado,leggo,2020-04-13,0,0,0,0,0
89,111048,senado,leggo,2020-04-20,59,0,0.59,0,0.295
89,111048,senado,leggo,2020-04-27,58,0,0.58,0,0.29
89,111048,senado,leggo,2020-05-04,0,0,0,0,0
89,111048,senado,leggo,2020-05-11,75,0,0.75,0,0.375
89,111048,senado,leggo,2020-05-18,0,0,0,0,0
89,111048,senado,leggo,2020-05-25,77,0,0.77,0,0.385
89,111048,senado,leggo,2020-06-01,81,0,0.81,0,0.405
89,111048,senado,leggo,2020-06-08,54,0,0.54,0,0.27
95,106330,senado,leggo,2019-12-16,0,0,0,0,0
95,106330,senado,leggo,2019-12-23,0,0,0,0,0
95,106330,senado,leggo,2019-12-30,97,0,0.97,0,0.485
95,106330,senado,leggo,2020-01-06,0,0,0,0,0
95,106330,senado,leggo,2020-01-13,0,0,0,0,0
95,106330,senado,leggo,2020-01-20,0,0,0,0,0
95,106330,senado,leggo,2020-01-27,85,0,0.85,0,0.425
95,106330,senado,leggo,2020-02-03,86,0,0.86,0,0.43
95,106330,senado,leggo,2020-02-10,0,0,0,0,0
95,106330,senado,leggo,2020-02-17,89,0,0.89,0,0.445
95,106330,senado,leggo,2020-02-24,100,0,1,0,0.5
95,106330,senado,leggo,2020-03-02,99,0,0.99,0,0.495
95,106330,senado,leggo,2020-03-09,79,0,0.79,0,0.395
95,106330,senado,leggo,2020-03-16,73,0,0.73,0,0.365
95,106330,senado,leggo,2020-03-23,72,0,0.72,0,0.36
95,106330,senado,leggo,2020-03-30,95,0,0.95,0,0.475
95,106330,senado,leggo,2020-04-06,74,0,0.74,0,0.37
95,106330,senado,leggo,2020-04-13,73,0,0.73,0,0.365
95,106330,senado,leggo,2020-04-20,75,0,0.75,0,0.375
95,106330,senado,leggo,2020-04-27,90,0,0.9,0,0.45
95,106330,senado,leggo,2020-05-04,65,0,0.65,0,0.325
95,106330,senado,leggo,2020-05-11,92,0,0.92,0,0.46
95,106330,senado,leggo,2020-05-18,0,0,0,0,0
95,106330,senado,leggo,2020-05-25,0,0,0,0,0
95,106330,senado,leggo,2020-06-01,68,0,0.68,0,0.34
95,106330,senado,leggo,2020-06-08,0,0,0,0,0
96,546383,camara,leggo,2019-12-16,0,0,0,0,0
96,546383,camara,leggo,2019-12-23,0,0,0,0,0
96,546383,camara,leggo,2019-12-30,0,0,0,0,0
96,546383,camara,leggo,2020-01-06,100,0,1,0,0.5
96,546383,camara,leggo,2020-01-13,0,0,0,0,0
96,546383,camara,leggo,2020-01-20,0,0,0,0,0
96,546383,camara,leggo,2020-01-27,0,0,0,0,0
96,546383,camara,leggo,2020-02-03,0,0,0,0,0
96,546383,camara,leggo,2020-02-10,0,0,0,0,0
96,546383,camara,leggo,2020-02-17,0,0,0,0,0
96,546383,camara,leggo,2020-02-24,0,0,0,0,0
96,546383,camara,leggo,2020-03-02,0,0,0,0,0
96,546383,camara,leggo,2020-03-09,0,0,0,0,0
96,546383,camara,leggo,2020-03-16,86,0,0.86,0,0.43
96,546383,camara,leggo,2020-03-23,0,0,0,0,0
96,546383,camara,leggo,2020-03-30,0,0,0,0,0
96,546383,camara,leggo,2020-04-06,100,0,1,0,0.5
96,546383,camara,leggo,2020-04-13,0,0,0,0,0
96,546383,camara,leggo,2020-04-20,0,0,0,0,0
96,546383,camara,leggo,2020-04-27,0,0,0,0,0
96,546383,camara,leggo,2020-05-04,0,0,0,0,0
96,546383,camara,leggo,2020-05-11,0,0,0,0,0
96,546383,camara,leggo,2020-05-18,80,0,0.8,0,0.4
96,546383,camara,leggo,2020-05-25,82,0,0.82,0,0.41
96,546383,camara,leggo,2020-06-01,0,0,0,0,0
96,546383,camara,leggo,2020-06-08,0,0,0,0,0
125,2196833,camara,congresso-remoto,2020-06-15,NA,NA,0,0.4403669724770642,0.2201834862385321
125,2196833,camara,leggo,2020-06-15,NA,NA,0,1,0.5
135,2206203,camara,congresso-remoto,2020-06-15,NA,NA,0,0,0
135,2206203,camara,leggo,2020-06-15,NA,NA,0,0,0
165,2242140,camara,congresso-remoto,2020-06-15,NA,NA,0,0,0
179,2242471,camara,congresso-remoto,2020-06-15,NA,NA,0,0.03669724770642201,0.018348623853211007
183,2242218,camara,congresso-remoto,2020-06-15,NA,NA,0,0.03669724770642201,0.018348623853211007
186,2242839,camara,congresso-remoto,2020-06-15,NA,NA,0,0,0
199,2242656,camara,congresso-remoto,2020-06-15,NA,NA,0,0.4862385321100917,0.24311926605504586
255,2250883,camara,congresso-remoto,2020-06-08,NA,NA,0,1,0.5
